Id,Name,Gender,Birthdate,Address
b3f42c61-c916-4076-baa6-7915900ea730,조민재,Male,1994-08-30,서울 강서구 10로 52
5b7fa1b7-857b-4adb-97b5-358f4f444bac,김재원,Male,1993-04-30,경기 군포시 11로 85
1571e486-ec60-4c1c-bebf-13e2028e1b35,김재원,Male,1985-02-25,경기 포천시 36로 90
37d47e12-412a-4e3b-9163-94613dfbb2f2,윤민재,Male,1987-03-19,서울 은평구 50로 58
1d79de15-16ef-4a19-b0d1-3907c5db73de,정우성,Male,1997-05-26,부산 남구 49로 68
1b4ee211-d816-42f5-a933-b97d84adbeec,정민수,Male,2002-11-06,경기 안성시 79길 15
a32c13a1-b01c-4648-b367-357f502f652c,이재원,Female,1996-02-20,부산 동구 73길 84
8530805e-ab89-430f-8613-2ba0a507480a,강재원,Female,1987-03-05,서울 종로구 68길 61
b59d7f9a-ca84-4297-b982-0e950ef071dd,최지민,Female,2001-04-24,부산 동래구 37로 43
012c2ef9-d2df-4b78-ab99-e0ca63feb6fb,서민준,Male,1994-07-14,경기 수원시 62길 62
d59fa6d1-4f75-46f0-9e1b-2bebb0a64be2,김준호,Female,1993-11-09,부산 동구 82길 23
deedae69-bcef-4472-875d-37f068990577,박재원,Female,1999-01-10,경기 안양시 47로 63
4fd980ea-afe4-498c-b29d-4fc5cfd375bb,조서현,Female,1999-06-14,부산 부산진구 48로 62
a6596a25-0c4a-4745-9c45-40f58a38b81c,박지민,Female,1985-05-02,서울 은평구 84길 24
9b82b727-667a-47fd-a679-33020617d93c,서서준,Female,1991-08-21,부산 금정구 62길 36
333dcdbf-f6e4-4f2b-97db-a8ec3b28484f,정우성,Female,1998-11-18,경기 이천시 97길 76
7663a9b3-dd14-4ff7-8ccb-fc20a18b1cc8,임현우,Male,2004-11-27,부산 남구 11로 93
b6078b3e-a6c1-4fbb-aee1-a470c0dbcbc2,김현우,Female,1994-04-18,경기 이천시 39로 35
2e37c865-47d1-44a2-8b99-7a9fc240aabc,윤서현,Male,1985-07-01,부산 해운대구 91길 26
383d8b20-337a-4d93-bc19-dd7db6708947,임현우,Male,1991-02-14,부산 동구 88길 59
1ba3e5fc-c849-4d58-bcc3-6de4c15a3b54,윤민수,Male,1988-06-12,서울 중구 94길 17
a5ee48d7-5550-4b70-a56e-f3c055544cbc,이지민,Male,1985-04-15,경기 시흥시 61길 52
53927dbb-3aba-41cb-b1f9-8a84c7338c2f,이재원,Male,2000-11-25,부산 부산진구 63길 79
69a3ab94-1472-4f0c-8ad8-2e2aebcba040,김민수,Male,1991-07-21,경기 동두천시 66길 49
ba677466-0d18-41fb-8c64-daa9fb4e2e4e,강서준,Male,1999-02-27,서울 중랑구 55길 69
8f59cb18-3e7a-4fdd-bd42-cee42a863e29,박우성,Female,1995-02-07,경기 고양시 65길 24
383e9fc7-0630-4e2a-9a23-5a14461ef909,임지민,Male,1998-01-02,경기 남양주시 14로 34
87d6e129-3828-48cd-af94-54dcdffbe67f,강지민,Male,1987-09-15,서울 성동구 11로 17
9df01dca-af44-43e1-95ad-df06d2896078,서현우,Male,1985-12-24,서울 서대문구 51길 65
f3c3286f-28c5-49ea-a934-5301437cdabb,정준호,Female,2002-01-03,부산 중구 23로 96
d45a688f-d550-44d6-b5d5-39f26e226bf2,박민수,Male,2000-12-26,경기 과천시 26로 97
2df1cc1e-a0d9-4940-8a37-a33107812800,조우성,Male,1999-07-15,경기 부천시 32로 42
b1e2417c-b441-46c6-b19f-4fba361aecbc,강우성,Female,2003-09-19,부산 중구 34로 31
110aa76c-bb5a-4331-a48f-de0bf1187a45,박민재,Male,1992-10-13,서울 성동구 11로 69
ee80927c-3dad-4d92-82ca-adca119b8dcf,윤민재,Female,1991-03-14,경기 화성시 24로 25
05babc77-1adf-4d36-8e35-e2b647224e2e,김민수,Female,1985-12-05,부산 해운대구 85길 21
9e521b80-cda9-4cd3-9938-8418be6e1496,임서준,Male,1992-07-28,경기 오산시 18로 76
b30ef9db-6336-4d94-8063-85119b7d8f39,이민준,Male,1985-08-08,부산 연제구 85길 69
5de4ef5a-53bc-439f-bf3a-618a99140307,임우성,Female,1990-01-10,경기 오산시 39로 73
f9436c5d-f20e-438c-83f1-2a64ba5c9fc6,이민재,Female,1989-04-25,부산 중구 64길 35
12c0e5ba-af7d-41e1-a91c-3652888df159,정현우,Female,1993-08-06,서울 강동구 43로 46
07643e91-668e-47dd-ba97-70f2579c6b85,김민준,Female,1993-08-30,서울 금천구 78길 68
e357a0ac-bbb7-4165-8763-06ec3c6824f0,정민준,Female,1993-08-18,부산 금정구 11로 62
0aa5541e-e174-4040-9744-57094093244f,임민재,Male,2004-04-29,경기 고양시 22로 70
77e16fdb-e32d-4327-90db-e8ab8151e872,정민재,Male,1990-02-19,경기 안양시 63길 34
6aae5a01-d8f7-45f9-985f-0b071c066e25,정지민,Female,2001-07-02,경기 화성시 28로 75
590a8fd6-2183-45de-b579-bd14a4931772,조현우,Female,1985-05-11,서울 강서구 38로 43
875642cb-17f4-40f0-abdc-29e950b72973,이재원,Female,2003-06-25,부산 강서구 86길 83
01292593-5cb3-42a5-bff4-2c93e14cba12,조준호,Male,1989-10-03,부산 강서구 11로 86
3cfeb9bd-e910-4de5-8187-728580b97fbe,최지민,Male,1999-10-06,부산 기장군 71길 85
87bb7029-84e2-4e63-984d-3949ffef6f6a,정민수,Female,1986-12-05,서울 영등포구 49로 50
7c10004b-6a2b-4ac4-98aa-d27f1f6a4dd4,윤서준,Male,2000-11-30,서울 노원구 22로 54
9fca029a-3949-4062-a297-6cf08a1c44e7,서민재,Male,1994-01-06,경기 양주시 77길 62
5bbb6e8f-88df-465e-9747-2a831c42acd1,윤서현,Male,1985-01-06,부산 영도구 10로 26
13750cec-68c1-4baf-ae1b-8280a7d51ef1,이재원,Male,2004-03-27,서울 양천구 29로 52
286d16bf-b3aa-4926-b1ac-1ccef17fbe04,최현우,Male,1994-09-14,부산 기장군 69길 28
90e26009-dd70-4095-b3f4-286a4ebae325,박현우,Male,1994-03-22,서울 동작구 16로 89
4e9a13fc-77f0-4577-92dd-812c3098b66a,김민준,Male,1990-11-24,부산 동래구 17로 11
9e79d2e3-276a-4cba-bb7d-521dfd5245f7,조서현,Female,1985-08-03,경기 용인시 44로 99
e641d51b-114a-4e40-a7fa-3484e767b6b7,최민재,Male,1987-08-12,부산 사하구 80길 20
f2d274be-7065-4653-9ab2-0bb929a1f58a,조준호,Female,2000-02-26,서울 강남구 64길 29
b08a9129-c3b0-44fb-b98b-c5231fb15a4e,윤재원,Female,1988-02-05,서울 강북구 40로 94
e4541b01-d809-4777-8402-fd82cda669f9,박서현,Female,1992-12-21,경기 의왕시 76길 48
ff2a6f73-a680-4213-ba60-08272a1b65cf,조현우,Female,1985-05-17,부산 기장군 29로 69
404fcec6-694f-435c-9dbb-0353f0db629e,강우성,Male,1998-02-04,부산 남구 33로 27
0efe95f5-76c5-437b-8564-0e47d6fb95a5,최준호,Female,1997-06-16,서울 서대문구 89길 41
5996a1bb-b96d-4b80-829c-04df8b39f762,임민준,Female,1992-09-04,서울 중랑구 65길 58
b662e4d8-1303-4166-bd7f-9c341b5b2fd3,윤지민,Male,1987-09-07,경기 용인시 12로 83
e70cf31a-0db5-4a6c-b829-c34969d0deef,윤서현,Male,2000-10-13,부산 수영구 45로 39
6209528d-6489-4edf-a0d4-f65a397c8167,정재원,Female,1993-12-06,부산 강서구 49로 22
caa1b850-6073-4060-82be-342a1b421a4c,최민재,Female,1995-03-06,경기 광주시 25로 13
08072208-fbc4-43d6-a6e5-9eaa8af687bd,최서현,Female,2003-01-25,경기 구리시 13로 34
856f8c79-9175-4880-819d-b663b89cc3a6,임현우,Male,1993-01-11,경기 시흥시 28로 44
dd0e3def-04c1-49fc-ab59-465fc49b2b6f,서민준,Male,1990-04-02,경기 구리시 13로 10
8fcbe0c7-c858-494a-a029-534a47e0be35,박우성,Female,1998-07-24,경기 수원시 78길 55
5cb315da-4b00-480b-a224-b490a9228794,윤서현,Male,1997-01-29,서울 금천구 38로 76
0bdad2e7-5026-42ca-8fd0-c7083d9e2523,서준호,Female,2001-07-31,경기 안성시 44로 97
38377394-968c-4386-8b40-bc0a9869e2de,박서준,Female,2001-09-24,서울 관악구 38로 72
25dc35c9-c5e1-4f23-bf1a-26e935d120d2,조서준,Male,1997-02-03,경기 군포시 94길 74
b118ccc1-7c4f-4489-8dd4-ad749c3934dd,정민준,Female,1994-03-26,서울 구로구 63길 85
bbe354e1-3cd8-4b9a-9db3-5b847fecb659,정우성,Female,1995-09-29,서울 마포구 11로 70
c4e83507-dd7e-40a8-9aa5-67b522e9d17e,박준호,Male,2002-08-15,경기 고양시 66길 74
e869df39-027b-46d3-9d6d-12671e8920b5,강우성,Male,2003-04-03,경기 의정부시 36로 39
6e036962-59d8-4385-b773-6b3701398ce0,김현우,Female,2004-09-04,서울 노원구 14로 57
d78692cf-d9d4-431f-9305-cfccace8034e,서현우,Female,2000-11-18,부산 금정구 27로 18
08878ef9-5cfe-43d6-9c3d-d093cbb6190f,서민재,Male,1996-04-28,부산 서구 35로 15
fb5c0421-bf4c-4c31-a777-4d37ea7b7a21,조우성,Female,1993-01-22,경기 고양시 52길 10
594f12fb-49ce-4fb1-bbc7-f519b1146dcc,박서현,Male,1986-10-15,경기 의왕시 56길 97
66ebb828-06a2-43ff-a310-ede47af59995,정민재,Female,1991-09-05,서울 강서구 38로 79
baafd43f-2f47-48b1-b121-def3f9eab13e,윤서현,Female,1997-01-06,서울 용산구 31로 60
48a7e2d0-fb6c-4882-aa61-763efae4b580,박서현,Male,1988-05-30,서울 광진구 67길 99
21a9701e-38a3-4df0-9e8e-d5077e918cd8,최재원,Female,2000-09-07,서울 성북구 36로 30
d91e5ac1-cc70-4373-a358-2349d8ba23db,강우성,Female,1985-10-17,경기 고양시 28로 70
2695c725-0758-4329-89e5-f7cc51752317,윤서준,Male,2001-11-28,경기 안성시 68길 16
623b81fc-eff7-4af6-a97a-d20eef942a6b,서준호,Female,1995-11-08,경기 구리시 33로 41
5b891d5d-d453-4dd4-ba2d-667170aa17a7,정민수,Female,1994-02-10,서울 송파구 36로 30
b57a9414-2a75-4092-8a33-c7dfe7591749,강서준,Male,1999-09-24,서울 광진구 93길 33
d043fc2d-4b94-4999-8695-7e9cb18ec90d,서민수,Female,1998-03-01,부산 남구 29로 62
d42b985c-6d74-4483-9f88-46b503846a60,최서현,Male,2001-02-14,서울 용산구 59길 58
b2b872f1-95dd-4b0b-b005-0fe5ed5d027b,임지민,Female,1992-11-26,서울 용산구 49로 49
7a6c61ee-4a03-403c-9d8d-c01ba2817ef8,박서준,Female,1994-01-29,부산 사상구 31로 76
80d40e95-7d54-49a1-b743-6bf9c8a423b4,최민준,Female,1990-09-29,서울 구로구 12로 80
7b225085-43c3-4897-9a1f-28f71bc7df7b,박민수,Male,1989-09-07,서울 노원구 20로 74
cbe36a60-268b-453d-a50a-c71dd280f572,최현우,Female,1997-08-13,서울 성북구 82길 31
2713dad7-2541-4f66-8d88-5a28e4f89559,서준호,Female,1992-10-20,서울 광진구 13로 55
bf7fd637-5ae6-442b-bc04-eec53d44dd87,강우성,Male,1990-02-05,부산 중구 24로 65
08e4bd71-71d4-41c6-9636-e45181967218,최지민,Female,1993-04-19,경기 의왕시 56길 73
79d10bbe-46a8-4d56-a9dd-2e0b9ac5d2dc,정우성,Male,1994-05-03,경기 광주시 32로 26
40096c7e-c3f5-4803-807a-e142456880e8,강우성,Male,1985-12-22,부산 사하구 27로 88
8ccb26cd-cad3-4f3e-bfea-a9b7196533b4,강민재,Female,1994-12-09,서울 동작구 99길 30
523e646e-7db8-4919-9421-0b31a5d7f00f,박준호,Male,1994-09-29,서울 도봉구 24로 31
22e7a1de-4762-40d5-babd-0e226a522ae6,이준호,Male,1999-07-13,서울 강서구 52길 93
61283d1c-3276-4812-a905-e043ee20dd38,임현우,Male,2003-05-07,부산 금정구 69길 27
5c0fc8d1-c80d-4fca-8d5d-bf5d227261a2,박준호,Female,1997-05-23,경기 안양시 92길 51
ba613081-aaba-4849-8fbc-f25200660033,서서준,Female,1994-04-19,서울 성북구 16로 14
8cb2aaa0-7b90-4cc1-bdf1-c9e7375eac1e,조우성,Male,2004-01-06,경기 부천시 51길 47
93136791-fb33-4d0d-92e4-1e3ffb0a6ea9,서민준,Female,2004-04-23,경기 양주시 72길 23
d19f4989-0efb-4471-99f0-04d0fabceb1f,강서준,Male,1986-11-02,경기 성남시 43로 98
800258d7-0cd5-4849-8878-e53ca67a5955,강준호,Female,1988-12-26,부산 동래구 85길 27
d09f5b01-2d55-4997-ba0f-194ed6312439,정민수,Male,2000-03-10,경기 부천시 66길 41
3a04b072-55a9-492b-abb0-1614344abc58,강현우,Female,1989-08-18,서울 종로구 62길 31
6b17b31e-edb1-4612-b9e1-c9b905ae0888,최준호,Female,1988-01-30,경기 안양시 84길 12
f6eccc9e-a53d-45e3-b7e1-0439e9ed9682,정민수,Male,1998-11-20,부산 중구 67길 76
9745caf3-81a8-4af5-9b1e-3dfa6c6bf7bb,윤준호,Female,1996-02-04,서울 중랑구 41로 66
3417e0b8-41ab-4443-a9ce-e07236114aa8,조지민,Male,1986-01-16,경기 남양주시 76길 67
832f30eb-735a-4e62-9157-4e304952566d,정민재,Male,2000-05-06,부산 서구 47로 41
3e856fa1-2ec1-4dc1-b284-57f85b1e959e,윤준호,Male,2004-01-12,경기 시흥시 44로 57
65cec5e5-f517-4ade-8e30-0e5b17eaeeb7,임우성,Male,1990-08-20,경기 고양시 39로 69
4fa67241-4a13-4644-ad5b-0ef26f799491,이서현,Female,1988-09-04,부산 수영구 77길 27
71d877ae-8e6f-4759-a064-fb3258afdee3,박지민,Male,1986-10-10,서울 성북구 51길 74
d3dd8f65-33e6-43e8-860a-65bcf7b517ec,최현우,Male,1991-08-21,서울 동대문구 98길 15
be35fcb4-e366-49f4-b54a-17143356d6b9,박민재,Female,1998-03-11,부산 강서구 35로 56
a36b0fb6-65cb-4fe0-8665-1dc5384e4fc1,김민준,Male,1993-02-18,서울 성북구 89길 61
09998fbe-a783-4ace-bd23-01964e4578c7,임서현,Male,1992-11-06,부산 수영구 49로 77
14e929ab-364e-4548-b0c0-8d6e55133362,최민재,Male,2002-08-07,부산 부산진구 91길 97
f13172df-9184-47e9-9138-fafe7365aa96,서민준,Male,2000-04-22,경기 군포시 28로 69
e823d6ca-0be2-4223-8c2d-732da9503ee5,정민재,Female,1992-09-11,부산 부산진구 80길 82
92fa3cad-9adf-40dd-ad3c-b50db94c8805,정지민,Female,2003-09-21,경기 화성시 23로 52
8ca5f13c-5715-4075-bf53-65e74c43f370,강민재,Male,1995-10-03,부산 동래구 85길 62
4b45f3ec-74eb-4d64-8f4c-1a832cef0e74,김준호,Male,1999-09-20,경기 고양시 46로 26
7ad3c628-4c11-4b78-b68c-0b49ca6031f1,김민수,Male,1993-03-27,부산 중구 24로 46
99b72a9c-1e12-4eb2-9953-aae0d43f1303,강재원,Female,1989-04-24,경기 하남시 61길 66
add4e1e2-cb15-4777-b5ad-d9bcc5adc29f,서민재,Male,1985-08-24,서울 금천구 82길 51
93bb141f-6fd8-476a-9ae5-f6fd9efb5d9f,조민수,Female,2001-05-08,부산 연제구 26로 10
32ac5485-29ab-40c2-873e-14a8c32e69b8,임현우,Male,2004-02-29,부산 부산진구 82길 67
d3cc16b6-f28f-4ce9-8953-6cd0addaabd9,이서준,Male,1991-06-19,서울 광진구 66길 96
baf9838e-1b4f-415e-9df6-a582bdac2092,강민준,Male,1996-05-26,서울 은평구 79길 47
4a33638b-115d-4630-8d4f-ad0757d2b5f8,서재원,Female,1987-03-23,부산 강서구 68길 14
a83ed5f3-ba96-4cbd-8256-0e84dd81ddb6,임재원,Female,1986-01-20,서울 강동구 35로 32
778191db-1b1d-45fd-95b1-9f0ed935eac6,서민재,Male,1994-09-10,서울 중구 96길 61
d6658447-3222-4047-83b9-f4d2c3da476d,서서준,Female,2002-10-07,부산 사하구 38로 76
b0fcbe9b-2b96-43c2-9c70-100438f5a804,이준호,Female,2001-10-08,경기 하남시 51길 98
cc60fec9-a618-4717-9c10-7bf4625a2782,이서준,Male,2004-10-02,서울 용산구 92길 64
b0fb8713-2fcf-428a-8e6e-12d485711ca0,정서현,Male,1994-01-13,부산 연제구 62길 25
6583171b-13ae-4c85-b121-9dc70ff78de2,이준호,Female,1989-05-29,경기 김포시 16로 38
a93dc52d-511f-4ff6-99f0-1f1e7addd4bc,조민재,Male,1999-07-07,서울 구로구 63길 58
ff62bd61-086e-4035-bdd8-81ba2070bc3e,윤서현,Female,1992-10-14,서울 마포구 93길 96
51b42f4a-85d3-48e5-865f-18e9b1bdffc5,박서현,Female,1993-08-05,서울 동대문구 74길 92
68397606-d46d-47ed-8ee9-2aae8288e15e,서민수,Female,1998-02-03,경기 포천시 21로 52
953aea3f-3025-4025-9875-b9a4c2e39b68,강민재,Female,1996-06-09,부산 중구 72길 73
d5c5c826-1059-48c8-8dfd-aa3f66d82484,이민준,Male,1990-12-04,부산 수영구 54길 30
c440cde0-e9f6-42b8-8ebd-42a85879e758,이준호,Female,1991-10-12,부산 서구 78길 37
2533921a-75c2-4679-adef-e1649f61b891,최민재,Male,1993-12-29,부산 강서구 15로 23
da9d41f1-efb1-4229-8948-56652878840c,박민준,Male,1985-10-22,부산 금정구 94길 32
5c5c4513-b7c2-4029-8ced-6214c477e4fb,최현우,Male,1992-11-22,서울 동대문구 10로 40
239ee188-2b58-43bd-b70c-e9f536277f29,조우성,Female,1998-03-20,부산 수영구 25로 21
1ad2fa1c-8da9-4c01-bf04-f73475adf8f3,서민수,Male,1987-04-15,부산 부산진구 33로 89
7e51c11b-7982-4190-888c-72695612f23b,강현우,Male,2004-11-19,부산 기장군 28로 58
e5f5ff39-79e5-49ce-81e1-da24b1f1ad7e,임민준,Female,1994-04-24,경기 군포시 96길 98
78ab9777-ea03-44fc-9974-42f5a5f4ba96,정서현,Female,2002-04-03,부산 강서구 90길 83
fae438cd-7330-40b6-8b06-814a8deb28a2,이지민,Male,1994-09-22,서울 서초구 53길 37
0b98fa22-5100-4edf-b5f2-6682f2618936,김재원,Female,1989-12-03,서울 강남구 75길 27
3945806c-60c4-4be0-a841-51c345352f4e,조현우,Male,1992-09-12,서울 강남구 22로 82
5f56a9d5-6793-4d59-8d2d-19406aa1c499,최서준,Female,1993-08-09,경기 과천시 16로 95
8ae4285f-f5dd-4c31-8697-e664ee3ef67f,조서준,Female,1992-12-02,서울 강남구 18로 18
f1709950-f3f6-42d6-8cc8-f30ae7db7056,박서준,Female,1994-09-11,서울 강동구 20로 44
62bed383-7fb6-485d-8922-29b4af9f4c40,이현우,Female,2004-12-17,부산 수영구 49로 98
d5632f97-ae60-4d44-84e2-d3b9f0712785,김서준,Female,1988-09-04,경기 의정부시 54길 56
2065d544-1196-4dc8-b36e-e35a84b5c488,서지민,Female,1986-01-03,서울 동작구 37로 86
ab671bdd-bd02-4af0-b2cf-7e8985e7dc6f,박지민,Female,1992-01-01,경기 구리시 83길 77
7ac2ddea-6ee6-4df0-bbf7-e85894962699,조서현,Female,1989-02-24,서울 서대문구 16로 63
784dbab9-e32d-48bb-83a9-ed59ddfbb07d,이지민,Female,1988-06-25,서울 성북구 87길 82
cc7e3592-2975-42b1-8c28-538a5683e2fe,조민준,Female,2004-06-17,경기 포천시 50로 15
7575d650-9cfb-47e2-baf7-fb4fb4c4a2c6,임서준,Male,1995-10-06,경기 김포시 48로 79
ca08c2b5-de96-4093-a151-ec9d94536b68,정민재,Male,1988-08-27,서울 영등포구 64길 86
6a072045-e142-48a1-86c4-1ac487fef88e,최민준,Male,2001-01-29,부산 기장군 53길 61
a56a7fcf-60d2-4189-b349-0a5850a2e029,강지민,Female,1991-08-13,경기 시흥시 34로 97
91665e96-4be5-4613-a900-fb0a7fdc20e6,임재원,Female,1988-12-02,서울 강동구 48로 54
df17c0a9-2cfa-4ce6-b326-693857dab21f,서재원,Male,1994-11-28,부산 금정구 85길 66
33af6191-131b-4b73-8034-6aba15e5100f,정민준,Male,2000-07-15,경기 남양주시 31로 84
76a54e7b-72be-40ea-86d6-48e6a7f762ce,최지민,Male,1988-08-23,서울 용산구 85길 21
8c811b6c-481f-4704-b041-bcc23f2ffb76,김민준,Female,1996-03-22,경기 안양시 77길 20
932f7a78-a3d1-45c0-a61b-655e0c8ac25c,이현우,Male,1988-05-22,서울 영등포구 60길 84
91a10d91-8438-4cb3-9078-175bbc9cc4a9,김민재,Female,2002-02-11,부산 연제구 77길 88
7f32df69-0ae2-46c9-a2f0-552827587172,김민준,Female,1999-02-24,부산 남구 97길 79
a594a69c-8352-4f30-af4a-2df56f6b0ec6,정서준,Male,1993-03-16,부산 서구 79길 55
ec1ae07a-33ad-4838-8d7b-ecc94a5e27ff,김우성,Female,1998-03-13,부산 금정구 31로 88
00c22da1-090f-4053-b736-628eaa4a9251,윤민준,Male,1994-06-24,서울 성북구 81길 19
8f135227-e399-4ce8-aca6-ac8c3807f95c,윤서현,Male,1996-02-26,서울 노원구 88길 67
c06248dd-ba6c-4735-b7c4-b793cfec0c19,윤지민,Male,1986-11-24,부산 기장군 29로 84
a981f2b5-66c8-4a14-94b5-8befde4c93e7,최민수,Female,1987-03-18,부산 동래구 70길 21
9d82cfbf-c88a-470e-a8e1-f1beeb46eaae,정현우,Male,1993-08-30,서울 양천구 77길 63
c3aaa754-a29d-4b2d-867a-252385ae532e,조민수,Male,1994-03-16,경기 의정부시 44로 77
6cdcf15f-f0ac-4273-9669-37b229f448f8,윤서준,Female,1995-07-07,부산 강서구 33로 85
678cd4b8-7e9c-4d65-913d-32422eeaadf6,윤서준,Male,1993-10-14,부산 동구 44로 14
f0c6f175-5ba5-4a6d-8ce6-b1cb1de8939c,김준호,Female,1993-11-03,부산 금정구 29로 38
fc7770e0-1c9c-479a-b39d-8498342306c4,이우성,Male,1987-10-20,서울 송파구 38로 42
c9d95724-b671-4996-a47f-85be5f9dec3e,김재원,Female,1986-05-27,부산 동구 12로 57
0a5d9ed0-6d4e-47f2-884a-4bcbfdf01f25,정서현,Female,1998-10-05,경기 화성시 45로 39
09100477-fdef-4283-8c6c-5e8c12ef76c1,이민준,Male,1994-05-02,경기 평택시 95길 51
01843a93-889f-4186-aa25-36e6cc3c50c5,강민수,Male,1993-05-20,부산 수영구 70길 59
bb66d5c1-820a-426d-9447-45d1b3caf1aa,김지민,Female,1999-05-01,부산 사하구 95길 53
e06fe6ea-6b12-4c6e-96e5-3bc8126e1016,임현우,Male,1995-09-23,부산 금정구 55길 27
35204182-2ca9-41ab-a7c0-858529b26aa4,서민재,Male,1988-10-26,서울 금천구 42로 66
65d83c67-bd5a-41d1-9479-c1be84a0dfcd,이민수,Female,1985-08-07,부산 영도구 78길 98
a7bd692b-a1ef-4d67-86ba-29c230fd7d4f,강우성,Female,1993-01-27,부산 해운대구 66길 68
7bdc6a6f-eb75-4c70-89ee-1f8a21cea44d,윤서준,Female,1993-07-23,부산 기장군 97길 42
c36c88f6-e0d7-49d2-a5e7-1e358617a4bd,윤민준,Male,1995-09-29,서울 강북구 94길 79
1158b516-8328-42eb-8c95-4cf42aa27ae2,조우성,Female,1987-02-08,경기 안산시 49로 44
fca4ca2c-1489-4cc5-b615-c906cd530c70,김민수,Male,1993-09-03,경기 광명시 83길 95
be43d527-7d3a-4193-a813-72fab8d2d28b,박민수,Female,2001-09-27,서울 송파구 56길 26
c1141081-f7f0-433d-ad99-ea9f10854298,임서준,Male,1989-07-14,경기 여주시 93길 50
b2915445-582d-489c-85dd-af927156fc67,윤우성,Male,1997-08-23,서울 도봉구 86길 20
4c8988a4-a755-48c7-93d0-609516857582,정민수,Male,1997-08-15,경기 오산시 65길 87
3f9861f0-76a2-46f2-86bc-ac8cb875d5c1,정민재,Female,1993-08-23,경기 안성시 94길 73
25b0749a-d2f7-4a97-85fc-8a01cd85985a,최우성,Male,2001-04-13,서울 금천구 17로 53
bbbee6a8-661a-4170-9ade-ad7954625a94,서민준,Male,2001-08-17,경기 성남시 39로 81
4ddb7c0c-dc65-43e5-b947-a5233ce0a5b0,김민준,Male,1996-06-15,경기 성남시 17로 57
492a3b29-5acb-463c-a4de-75025e2d13d0,박준호,Male,1991-12-04,경기 김포시 15로 78
d0c68581-ee55-41e8-ae47-9e7c19a36355,이서현,Male,1989-10-13,부산 금정구 53길 82
188f9b99-2314-4e68-bdff-7c9de0783ad6,강현우,Female,2001-12-26,부산 동구 49로 42
a3a68e0e-0f27-4f7f-bc0f-58db05ed1f29,서준호,Female,2000-08-21,경기 의왕시 67길 50
1d7ca355-aac1-4f51-a159-c80f0811bf14,서서준,Male,2002-03-07,서울 강동구 20로 16
256683b1-56f3-4a9b-b94a-e100ee4189c1,최현우,Male,1997-04-14,경기 군포시 23로 54
6943d22a-952f-41bc-b003-7ba21a296cf3,정민준,Female,1999-10-18,서울 중구 19로 67
225d2fce-56aa-45bd-a4eb-49b7dc7c3be2,서현우,Female,1989-02-28,부산 수영구 45로 64
6da950a0-9dc9-4420-af36-db9faf286b71,서우성,Female,1988-02-23,경기 남양주시 45로 32
19252217-7140-4714-bb89-2aee39de0dee,서민수,Female,2002-09-15,경기 구리시 79길 61
7ebabb5e-29ea-495d-9c4e-da1adab73856,이준호,Male,1997-01-17,부산 북구 24로 64
3f698622-a5db-42d4-997a-cb59c03aa52e,서우성,Male,1996-08-05,부산 남구 84길 67
659652ca-8bbe-4be0-b2c9-a2d8f6aa85f3,이지민,Female,2004-02-21,부산 남구 96길 39
9bf0dda7-f84b-4603-8a42-78d4ce3121ab,강재원,Male,1992-11-01,서울 강남구 84길 90
be17aa2a-9c8b-4393-b2bd-681eb2984e9d,서지민,Female,1997-02-01,경기 안성시 67길 80
84f19189-1a87-4a46-b7fc-de34b34203d3,정서준,Male,2002-01-21,서울 송파구 56길 70
c22c5935-d7e6-43d0-8331-7bc6caf4c6f5,서재원,Male,2002-03-31,부산 사하구 12로 59
be4e65a1-a9ae-4cf5-a4f1-eac5fa8f78d3,정서현,Male,2002-12-13,서울 금천구 15로 81
b20bed46-177c-4254-a28c-881c64f8ab22,강재원,Male,1997-11-02,경기 화성시 17로 13
68129f57-0d13-455d-9b2a-e622acb3fed8,박준호,Female,2002-03-22,서울 동대문구 95길 52
9d00e0c2-ee8f-4002-9c9e-e8a0a3fbd8c7,조민수,Female,1985-11-29,부산 동구 14로 72
2e180059-b788-4e44-8c23-4780cd5d2ad4,정지민,Female,1995-04-11,부산 수영구 97길 91
961eda30-0898-4b0f-b0f1-324f9f5a78e0,서서현,Female,1987-09-07,경기 군포시 59길 99
668858d8-a4ac-44e4-9bf1-54643731c59f,김지민,Female,1991-02-19,경기 오산시 10로 44
977a5dd8-c7b2-4d21-9d93-0197990dd13a,정현우,Male,1987-11-06,서울 강북구 29로 23
e8263f79-c594-43aa-923e-bcf2aabb85d3,김현우,Female,1999-01-08,부산 사상구 60길 25
0924c355-20b6-4adc-8107-aaa7aa765848,최민재,Male,1994-06-12,경기 안산시 33로 66
f54ef962-3dab-445a-ad5c-ca30b75e46e9,임민수,Female,1994-06-06,부산 기장군 81길 39
e1346823-2693-4c92-8db0-18d48fc7e7fb,윤우성,Female,2001-02-06,서울 마포구 16로 87
d8d0e2a2-72e5-4565-8231-e1e747da4973,서우성,Male,1997-01-18,경기 양주시 50로 11
1b8f57cb-c368-47e8-b120-6e40a35de60f,조민재,Female,1990-04-29,서울 도봉구 60길 45
b7388c8d-71c0-4f8c-80ce-112571c98e14,이우성,Female,1988-11-04,경기 화성시 22로 92
1471f4cd-da11-42f4-889f-70653a9b61cb,정지민,Male,1993-11-26,부산 사상구 41로 71
5f362d7a-97f7-4c7d-8dd6-2c82da45dc21,강민준,Female,1985-11-27,경기 용인시 87길 88
9db736f4-749f-4053-a520-ce2b11a41a66,조민수,Male,2004-03-19,부산 해운대구 79길 28
9d35597a-1d94-4c07-a610-6307ca813d23,정우성,Male,1994-05-07,서울 금천구 70길 42
74d45aec-8bb2-4654-ac7c-a7f22e131a21,박민준,Female,1993-09-18,서울 동작구 39로 40
b55783f1-1ad4-455f-aab8-46a512970ac1,최준호,Male,2002-06-13,부산 금정구 71길 13
f9867399-319c-4fcd-9d1e-e7e0bfc71615,최민수,Male,1997-03-01,서울 종로구 12로 75
1812cc90-f3a1-4499-99b1-274a03f97738,박서현,Male,2001-10-28,경기 안양시 63길 76
e1987314-9459-49d4-a065-cd5017aaafe0,조민재,Female,1990-04-04,부산 중구 99길 26
a0f7ca73-1781-46cc-b38d-96a3591ba417,조서현,Female,1995-04-15,경기 시흥시 98길 76
7924a4db-9879-4074-ab70-6b52010f91ef,임현우,Male,1995-05-06,부산 강서구 28로 84
81231f2c-6143-4e78-89ff-a1988e42cad4,이현우,Female,1988-01-12,서울 강북구 49로 45
a7ea1b40-603f-4bc8-a844-25e4067e94d1,이현우,Female,2001-07-26,경기 여주시 62길 90
3b2093c3-5082-4a77-8ac2-ff833cdaafe4,박민준,Male,2001-05-11,경기 포천시 32로 89
537280d5-3a48-441d-a208-04fd7fbcd992,조현우,Male,2000-11-20,부산 중구 99길 48
c0e3735e-5474-4913-ba1f-12f1b0bfd150,강지민,Male,1987-04-03,서울 성북구 54길 14
173d662a-cadb-463d-bfe3-37750e995396,김민재,Female,1987-05-21,서울 도봉구 31로 60
3e99250d-58ba-4c50-8a4d-8d82c1dda0e9,이지민,Female,1998-03-17,부산 서구 52길 94
9a5c4cd1-bf5c-4777-ba05-49c87c6ff0cd,정재원,Male,1998-11-28,서울 동작구 38로 48
2b8abae0-153f-4802-831d-c7cc1930248e,이민준,Male,1987-09-11,부산 금정구 49로 50
e07ea6d0-61f6-4b18-95d2-66eea6e74698,서민준,Male,1993-09-25,경기 안성시 95길 17
e09e3fc9-28e3-41be-8f31-aabfbb4766ca,이서현,Male,1989-10-07,서울 종로구 84길 43
af530398-3087-44f7-82f4-87d0de4c3c74,윤민재,Female,2000-12-29,서울 구로구 15로 54
f2e7c86c-7839-46bb-ac1e-84ad6cab3221,김재원,Female,1990-10-16,서울 강동구 63길 11
421cc249-e406-4bbc-a195-684ac0fe5463,조재원,Male,1999-11-19,부산 연제구 53길 81
7dd4c7f4-c561-49e5-9c2a-02b26a3c14f9,박서현,Male,2002-08-06,서울 서대문구 95길 52
b424fef4-5d63-42cf-a7cc-20025be36f86,이준호,Female,1993-09-22,서울 광진구 38로 95
1dae888c-9410-43ab-acac-fd1993b7cc7d,김민수,Male,2004-08-09,경기 평택시 65길 66
3813599a-2e72-44aa-a75b-d296195b4abc,조우성,Male,1997-08-15,서울 중랑구 49로 93
49558c9b-a74f-4099-b167-44ca562ddcb8,정서준,Male,2004-10-08,부산 서구 58길 48
f6a691de-00e2-4393-968d-afeb05c81260,강지민,Male,1987-06-19,경기 남양주시 46로 73
5e0793cf-2f2c-49b1-9b49-ac6df267d643,조서현,Female,1997-12-01,부산 영도구 74길 74
b787267d-9c5c-458c-80dc-001962f0d3ca,서서현,Male,2003-10-11,서울 금천구 88길 99
6b0a669e-d6ab-4a51-92df-8f1e29c11421,이서준,Male,1986-02-02,경기 하남시 58길 52
9a2a0921-0ef4-4204-b3ba-cd33e542d1db,김민재,Female,1999-05-06,부산 중구 89길 92
53cefcd9-087a-4ba2-bc4e-93f03ca5b383,정지민,Female,1987-12-06,서울 중랑구 93길 68
6fb957a4-fd11-49d7-9f28-03a2096bf304,이서준,Male,1987-12-17,경기 안양시 47로 86
2b7058e9-7fde-467c-a2dc-d818f3f2bad2,강준호,Female,1996-03-17,서울 금천구 29로 37
e201632a-b6d5-4a19-b7f4-f38086a9ae52,정민준,Male,2003-03-11,부산 금정구 47로 78
442ee494-2445-4d01-8f28-9065d02ce5bc,윤재원,Female,2003-02-03,경기 의정부시 22로 62
6eba0b3c-c02d-4412-9043-6463a712ecef,이현우,Female,1999-05-02,서울 광진구 56길 27
7b38ea10-c884-451c-bb39-acdeddb4c864,김서현,Female,1997-11-26,서울 마포구 53길 78
a6b686b2-ad22-4f96-b781-8b237e0873c4,박서현,Female,2000-08-29,부산 연제구 33로 47
17046cf4-ce14-4bda-9dc2-d8e8ca876b77,윤준호,Female,1985-12-01,경기 구리시 59길 38
755d6eaa-bc11-4afc-b62e-c29af2bb3d52,윤민준,Female,1996-03-06,경기 성남시 59길 82
af2b3183-53b6-474b-b231-3e509e55a3d7,임우성,Female,2000-02-10,부산 서구 24로 86
c26c40de-e45d-41f7-ab69-f2de415be5b0,정민준,Male,1992-12-28,경기 구리시 90길 73
906843cd-c8b0-4b60-afec-48116c1285d1,조서현,Male,1985-07-21,부산 중구 33로 64
965334c3-a8c8-48b7-9ffa-48107f52f95c,임지민,Female,1993-04-10,서울 용산구 53길 88
4f7ffeb5-a3a1-4613-87c5-2f7cda7d5147,강재원,Female,2001-04-29,경기 이천시 11로 60
36d7b042-0584-4ca6-a254-c4f709e97977,최민수,Female,1999-01-28,서울 강북구 10로 79
2826fb7c-683a-4fe2-b10e-23d0a56747a2,박서준,Female,1990-08-15,경기 고양시 57길 84
3e03e5bd-6b16-4f12-b25c-3c6caf5a2c21,조민재,Female,1995-11-06,경기 의정부시 66길 44
03d27363-e2d9-4bfc-a473-9beaa59aec07,조서준,Female,1994-12-26,경기 하남시 79길 83
9458d5f9-c2b3-4821-b312-1b8402b9b6c3,정재원,Female,2000-06-27,경기 군포시 61길 68
ba9092e9-4e1e-4090-9f08-8fbb173874bc,박우성,Male,1992-09-12,경기 의정부시 10로 49
7b19956e-a9ac-4b00-9062-c75897963706,서민재,Male,1990-12-25,경기 과천시 22로 29
38c99d8a-4f9d-446f-b1d8-68efb254266a,서지민,Male,2001-08-05,부산 동래구 47로 62
f57a64ee-cfd2-42b3-8984-89064ab176d1,조서현,Female,1998-10-07,부산 북구 48로 41
5ca0bae8-4bec-48bf-8d30-925e57143052,임서현,Female,2002-09-03,경기 여주시 14로 94
e5f590e9-703c-4d0a-a490-74f041648ea2,강서준,Male,1999-08-01,경기 동두천시 28로 40
5048ff6f-9d54-41d5-a1c3-b47db57dbf4c,임민수,Female,1990-06-21,부산 수영구 17로 26
6972281d-b3a9-4357-8edb-46ac0c0379b4,최재원,Female,2004-10-13,부산 연제구 12로 44
facc673f-85e5-4e68-ba12-e5916f01206f,서지민,Female,1993-10-15,부산 중구 99길 38
f9f2def8-4177-4dd6-aa22-30351a3d1abe,최우성,Male,1990-05-31,부산 수영구 53길 62
d5ecbf36-5372-40c0-bd39-1db5b2a7bccd,이서준,Female,1992-10-18,경기 부천시 97길 52
c6fd992a-201d-4abe-97af-c85425e4f4c7,서민재,Male,1993-11-01,부산 남구 79길 45
97c7646b-2981-46be-b9fd-a89b46bc7dd6,정현우,Female,2004-04-05,서울 영등포구 84길 19
b161d3cc-dc51-4658-b510-0e1188049fd2,강서현,Female,1997-09-26,서울 강서구 11로 94
dc4b2231-1091-49fe-b02e-dccd48d170fc,강현우,Female,1985-09-18,서울 중구 17로 58
2d43fe9c-035b-43da-94d2-8d27dc08af48,윤서현,Male,2002-01-21,서울 영등포구 39로 77
898b638c-39ee-44f7-96b4-e264f3201628,조지민,Male,2002-01-26,서울 동대문구 15로 43
0932dd0d-c20d-4f37-bd2c-1cb7f01e334d,조민수,Male,2003-08-23,경기 과천시 99길 44
17479de4-dceb-478d-9493-8a0cfd22de46,윤민준,Female,2002-11-29,부산 강서구 37로 71
dbd429b5-02cc-435a-a409-99e1da0533d9,박민재,Female,1987-07-24,경기 평택시 32로 41
67c8a328-1e9a-4489-a604-5560aed2a93b,조지민,Female,2002-08-08,경기 광명시 20로 30
e602b55f-98f3-4d81-8688-d11f0d15a25e,김재원,Female,2003-06-15,부산 중구 53길 40
04fe128a-8164-4de4-b442-31016692b6e8,정서현,Female,1988-01-12,경기 안산시 12로 59
c8c74aa2-2d50-40ff-ab05-4ebd27496554,임민수,Male,1986-10-16,서울 서초구 68길 14
d9618887-bd0f-46b6-9286-45faaf4a0ef3,조우성,Female,1988-07-05,부산 중구 88길 13
288a3e4f-e60d-464e-b657-49bd501af0dd,임민수,Female,1997-03-26,서울 강동구 76길 69
83e78797-87b5-4b60-8331-41dbd5b9a5c4,윤서현,Female,1999-08-03,부산 중구 75길 24
86e84ee8-c43d-47fd-8ce4-db2afc39d6f9,임민수,Female,1996-08-07,부산 부산진구 73길 50
44c02eff-04ab-4494-a5dc-23d886e1e227,윤민수,Male,2004-03-06,서울 은평구 90길 32
cfed4cb4-7d91-4f9c-a6ea-d00aa09f5db6,이서현,Female,1996-06-16,서울 금천구 99길 86
34be11f7-b1fa-4d56-b1bb-66d7e827df8f,조민재,Female,1989-06-09,부산 영도구 74길 51
7e7b62c1-c96a-460f-9d23-1de1923a34f3,최재원,Male,1987-01-20,경기 평택시 47로 27
34fbdcfc-558c-46eb-9e9f-1d0e2cb79b0e,서민재,Female,1992-04-20,서울 강동구 48로 39
268572de-2016-4230-b809-d8981da0af63,윤준호,Female,1999-10-01,서울 동대문구 98길 60
a7e72620-1245-4a72-93db-b6f03de004a9,이서현,Female,2003-05-11,경기 안산시 24로 12
e2e5de94-b2ba-49b1-8edd-c76c17b25598,조민수,Female,2003-09-28,경기 파주시 35로 39
ffb919fd-63e7-4af8-9ee8-6ea711fbbe73,박서준,Female,1988-03-24,경기 고양시 54길 37
50b8a462-cec3-4bcc-a0da-0e24eaee9e60,윤서현,Male,2000-02-14,서울 서대문구 93길 63
87789f42-e1cb-4704-9994-38b4c9678f66,최지민,Male,1993-06-13,경기 구리시 69길 56
c5f685e8-705c-4310-b967-c234819747f0,최준호,Male,1992-07-20,경기 성남시 87길 51
5d27ed8d-ea9a-44a7-9f1b-96133753284d,최서현,Female,1989-06-13,부산 동래구 31로 72
4de8ff5b-4af9-4b16-9bf2-1b038af022e9,최서준,Male,1986-07-04,경기 김포시 42로 14
76028286-f88f-43b7-84e0-62c5567967ca,강서현,Male,1985-09-13,부산 동래구 72길 32
de348c13-3e5b-4a99-b61c-6bae1ee55e0c,최민준,Male,1999-06-10,서울 영등포구 50로 29
3ccda499-45a6-48a4-8b34-bc50216cc68f,최서준,Male,1992-05-10,서울 구로구 56길 97
6e35f544-d960-4138-998d-3910e4786e56,서민수,Male,1993-11-06,서울 광진구 64길 30
0653f83a-9bef-47af-9e54-7f7f0e7fc482,최준호,Male,1985-03-03,부산 강서구 15로 52
857fbea0-e771-4540-b8f7-1bb8e21701db,서우성,Female,1999-07-11,경기 의왕시 59길 87
81378f39-0e69-4826-bd99-dd3ea7f99070,최지민,Male,1995-04-28,경기 안성시 86길 72
dcf6bacb-5f46-4557-ad71-1ce7bfb85df4,박서준,Female,1986-08-12,경기 광명시 40로 97
60b102f5-dc73-4373-be49-9d021bafa4da,강민수,Male,1987-09-11,서울 중구 69길 87
84f2ab69-bc0a-46f8-b734-78663e5c814d,이우성,Male,1986-04-08,서울 광진구 29로 38
69b4017a-1b91-43bf-8389-d617725b267a,정준호,Female,1989-04-25,경기 평택시 35로 83
5b7f443f-b7ba-4c54-b3c6-65c31b6176cb,서재원,Male,1995-11-04,경기 남양주시 83길 92
705f6aba-e2f3-4cd6-af3f-c8d1543971b0,강재원,Male,2002-03-12,경기 동두천시 33로 83
8fbd9f2a-045d-437e-8dcc-dc8b81a9250a,임서준,Female,1989-03-20,서울 중구 23로 53
17a92089-8ba3-44dd-9c75-51d07ca29944,임서준,Female,1993-06-06,서울 마포구 51길 95
fb196d82-4fc6-4b1d-895d-f878167a83ba,윤민재,Male,1998-02-05,부산 서구 12로 66
daad5624-6c86-473d-b591-5f20c518162b,강재원,Male,1998-02-25,부산 부산진구 34로 21
a8e0b476-d4e4-421d-a716-49fa1e8d93fc,이재원,Male,2000-10-23,서울 중구 95길 53
7e6c5d7b-7816-4721-93e7-fd5159247db8,박민준,Female,1995-06-25,서울 강서구 93길 28
b940de5c-444e-4876-9479-58f367a3fd14,정서준,Female,1993-09-23,서울 금천구 92길 15
8ee54f87-1a11-44ba-865e-4088f350f887,정재원,Male,1986-06-27,서울 강남구 48로 96
71955527-e17b-492f-93d0-165160f36f76,서지민,Female,1987-12-31,부산 남구 91길 58
6cc63456-ce5d-4a65-af3d-7bdeb4a6d5ad,강서현,Female,1997-08-03,서울 성북구 70길 62
c01a9c4a-8bea-4fe9-bf7f-afbde3e0ecba,이지민,Female,1986-07-10,경기 용인시 51길 13
fe8901a6-5765-4f51-9d58-fe8270a61e36,최준호,Male,2004-02-14,경기 이천시 38로 33
16e52761-ce79-4a59-8125-6be10f764b54,윤민재,Male,1998-02-11,서울 중구 51길 88
bbbfa59a-f148-48e4-8f6f-0167c9534fc2,강민재,Female,1997-03-10,경기 과천시 33로 96
d15b4269-2cbf-418c-8bb7-3f96b0530bbe,이서준,Female,1994-01-11,서울 강북구 69길 28
ef38a9a0-327d-483e-9377-9663da992974,최민준,Female,2001-11-02,경기 광명시 34로 19
d20b8e16-bd1f-434e-be82-2196eb8edd2c,김우성,Female,1986-04-28,경기 양주시 40로 68
38dbf832-64f7-4f9a-83a2-48701da5ed26,박민재,Male,1992-12-11,부산 영도구 43로 92
61b34866-2e0a-44ed-8968-99ee0eb82491,최민재,Female,2002-05-16,경기 김포시 11로 49
13261923-3310-4101-b648-0198894955da,윤서현,Female,1999-02-25,서울 강남구 67길 24
47b4edb4-8c35-4ad4-819a-a746f5920017,강민수,Male,1998-04-07,서울 성동구 77길 34
6177f287-cb97-483b-9bbd-01eaa310c283,박현우,Female,1997-10-15,서울 송파구 57길 90
f33fa346-198e-4d70-a633-4bb92584c3ad,최재원,Male,1997-09-24,서울 송파구 93길 90
77015bcc-3395-4c91-a2ed-717beefc31ff,강준호,Female,1986-12-14,부산 연제구 72길 17
bb342307-4832-4a30-97fe-19ea9f8e6ae9,임지민,Female,1992-11-16,서울 마포구 19로 49
843ddcc7-e8b2-48fa-994f-ef7c2a94e167,정민수,Male,1997-12-17,부산 서구 15로 91
372fdeb3-f91a-4e55-aafd-c1bd0f7e04cf,윤민재,Male,1997-03-07,경기 평택시 82길 63
43acf5a7-7306-4428-8283-7c6d66c1b535,김우성,Male,1986-10-11,서울 동대문구 88길 21
bfe9e495-1028-4020-a89d-1cc5fa6e6f6f,김민준,Male,1990-10-22,서울 마포구 43로 93
89352310-f047-41a3-9896-cb23113d166d,임서준,Female,1994-09-29,경기 안성시 46로 53
6afbb101-5da0-4135-b64e-7e2f6e28864d,강서현,Female,1994-08-20,부산 동구 20로 21
03786e32-4e74-4c07-8b13-737d2e6af882,박민준,Female,1996-09-05,경기 여주시 12로 65
bcd956fb-f03e-40aa-8d19-35fd3ae3ba08,강민수,Male,2001-02-26,서울 광진구 61길 54
bb7e987c-6445-4851-84b0-3f75ea3df113,최준호,Female,1995-05-29,부산 연제구 51길 42
675746f9-895d-4cef-9265-6f1144d65e41,서민재,Male,1992-11-05,서울 종로구 63길 48
7fe03306-ef4f-45cb-a623-5bb49b6ce1c6,최민수,Female,1997-01-15,서울 송파구 72길 18
7d780a17-79cf-4779-9463-105b919cda5c,정서현,Female,2001-05-18,서울 송파구 57길 65
96ece506-345a-4c3f-9627-6fd0994b38de,최지민,Female,1991-07-11,경기 성남시 39로 31
aa00c75a-ddc3-4bed-9607-d61ec145e35e,조준호,Male,1993-06-21,부산 중구 13로 91
04e91916-eb35-48a6-9c72-527f5197f03c,조현우,Female,1991-06-01,부산 금정구 80길 60
3fb9f1b5-2dfc-47da-aca8-3bdecf195aeb,윤현우,Male,1993-08-24,부산 연제구 45로 52
b9644a4b-ede0-4b73-acf3-a2ec337f854d,박우성,Male,1997-06-11,경기 김포시 12로 62
cea69568-4ab9-43fa-8a3a-943e3fbb2ca6,서현우,Male,1990-10-10,경기 남양주시 81길 27
1b69da09-458e-4b9c-952a-b8d06c354072,임현우,Female,1987-06-09,경기 이천시 13로 68
15d66417-9912-4720-983e-e17c7c4165de,정지민,Male,2001-01-27,서울 은평구 23로 12
327c90bf-495d-483b-9588-1756d82c3500,조재원,Male,1985-12-07,경기 구리시 38로 79
b7c7ecd6-9559-42d7-9770-3d6588b9dcd3,서서준,Female,1985-08-20,서울 관악구 11로 52
83491dca-e861-4b7b-8d6d-63b1ff9f7ebf,강민준,Female,1991-11-28,부산 남구 62길 93
d3ae12e7-0f23-4c13-a4c5-759b2f54cb5a,윤서현,Male,1993-02-01,서울 서대문구 60길 70
c4e60ed0-d123-4780-879e-6cb84719ba01,박준호,Female,2002-08-31,부산 영도구 12로 23
3806e6ee-93b8-4822-8c70-bb0b196cb624,조민준,Female,1987-10-30,부산 남구 73길 65
3bd0d48c-6324-4d7a-8441-db2b50cbf18a,임민준,Male,2002-07-20,부산 사상구 50로 47
c18c2382-a2eb-478b-99bd-c58cf8e26d0b,조서준,Male,1985-11-27,서울 서초구 90길 73
4a7128c8-4165-434d-97f5-638acabec7c2,서서준,Female,2004-08-05,서울 영등포구 12로 62
3f6e73e3-7a7e-451a-9b1d-203dcb891a6f,최민재,Female,1996-07-18,경기 고양시 91길 64
49497d65-5949-48e5-bab2-99d473180756,조서현,Male,1988-11-23,서울 양천구 68길 49
c5cf3da1-f51d-45ec-b1ef-85af344f5af8,윤민준,Female,1996-03-20,경기 안성시 86길 38
3e7f7f08-bbf6-430b-ae80-97d41fa386b5,박서준,Male,1985-08-18,서울 강북구 19로 90
c917d0be-6309-4e99-ae80-4e3696089796,임민재,Male,1985-02-16,서울 용산구 59길 19
2d6168d8-0d71-4449-b1ad-5d0a825994ca,최우성,Female,2003-11-15,서울 강동구 13로 53
1ad6e772-5c37-48a3-8608-4a7139e1ec87,이지민,Male,1996-01-05,서울 송파구 62길 77
9139bc19-5a53-4ea2-92f1-452bfccddd97,이민재,Female,2003-11-23,경기 파주시 77길 51
a3a44aca-7240-47f5-b4cb-58c72d57ba77,윤준호,Female,2004-08-14,경기 하남시 90길 14
e221f90b-5762-4e2a-94e8-7790a33ef75c,이민준,Male,2000-04-23,부산 사상구 42로 40
904a3ed2-91f6-4ef3-875e-27ec3b96c75e,최준호,Male,1995-05-02,서울 중구 44로 99
f78698df-858f-4833-959a-dbbd1f1f3981,김현우,Female,2003-07-24,경기 여주시 59길 50
e4842507-3f53-4cc0-ba6e-fbfc5b2cb4a4,조현우,Female,1995-12-07,경기 여주시 56길 91
8ebbf9fc-35c0-4341-bd6c-e3f4438fdea2,박재원,Female,1996-05-21,서울 용산구 41로 65
cb251fba-2811-4d89-9e87-bc4693b95ff8,정서현,Female,1992-01-18,부산 영도구 38로 63
b583a8d0-fe71-4b0a-8a73-76bde6556f63,임민수,Female,2004-01-17,서울 서초구 70길 81
fb435760-b1f2-41c2-94c4-a3cdda3af389,임민수,Male,1986-08-21,경기 안양시 33로 72
c07a88a5-4390-44eb-960b-3f10c84f7972,서지민,Male,1990-05-13,경기 용인시 15로 29
6a7e7e3b-c433-4e29-8649-bc16b2851324,윤재원,Male,1999-07-26,부산 해운대구 78길 36
d1b99f04-61e9-41e2-acca-f4a6c15464f3,임우성,Male,2002-07-24,부산 연제구 29로 86
8b9e4c84-0bbe-4f2c-8ebf-0bbced5f4afe,임지민,Female,2002-07-27,서울 서대문구 57길 23
e359c1d3-6186-4399-a831-aa1979611b20,이현우,Male,1996-05-13,서울 성동구 43로 53
aed5c142-646f-4fe2-a296-226d3da24374,이우성,Female,1998-11-07,경기 시흥시 97길 14
b3406299-e7ad-4b8a-b220-d35c0f86dff1,강서준,Male,1991-04-29,부산 남구 20로 71
0b510a1c-7135-42c3-993a-852611612c01,이지민,Male,1988-05-06,서울 구로구 87길 97
f2d8e71c-285a-4e10-b3a0-7742db72b21a,최재원,Male,2002-01-08,부산 동래구 19로 47
b08824cb-5480-4569-a652-06d2a77f420c,임현우,Female,2003-04-18,서울 동작구 99길 66
2c25abba-2666-46a3-92b1-6cefaa630bed,서민준,Male,2004-08-30,서울 서초구 14로 72
8902880d-b112-4e53-a6a0-11b063f1ae37,박현우,Female,1998-04-16,부산 강서구 83길 35
af5ac7cc-4b3f-4bb2-b115-e3c6648510c2,조민준,Female,1991-01-29,경기 포천시 87길 20
92394ae9-5ab9-4313-8a7a-cfcabe5fdd5e,김준호,Male,1994-08-12,서울 동대문구 94길 88
1d00716f-4b5f-40df-aaeb-b6565f54a40b,서우성,Female,1989-01-08,부산 연제구 41로 73
3c1a9bbc-8859-44aa-9c3a-4be0311d1555,정민재,Male,1992-03-24,서울 노원구 37로 96
6f84c15b-1e2e-4f4c-b33a-df4e81e01e23,강준호,Female,1998-02-16,부산 영도구 17로 27
ad1b4c72-c0f7-48d1-9361-59736bb9ea8f,최우성,Female,1987-06-13,경기 부천시 60길 51
09fd24d3-ca03-4e52-8285-5a10eef890c0,임서현,Female,1994-07-31,부산 강서구 82길 50
ac3b5221-440f-4c7b-8ef0-549567bba988,최서현,Female,1998-12-24,부산 기장군 18로 20
230658ef-432c-41e1-9dda-6fbe97855f28,최민재,Male,2004-09-01,서울 마포구 98길 96
b9d612f8-8c0c-4d11-856e-6538e9959943,서서준,Male,1986-04-07,경기 화성시 55길 72
6adbb9e9-dad9-4ae8-83d3-08e3e0eb66f7,이우성,Female,1996-10-28,경기 안양시 53길 83
b8037eed-5c7d-4ff4-99ec-3b7ffc4507f6,서우성,Male,1988-11-25,경기 동두천시 14로 27
b0ccab5d-72c8-43de-86fb-f0eb85d5fec2,정민준,Female,1998-02-05,서울 용산구 52길 98
0fb38ed8-7d8a-4fc2-94c8-da7265fe47fd,임우성,Male,1992-05-05,부산 사하구 31로 36
290d5dc6-21b8-4f7e-a118-202e9dd3692c,윤지민,Female,2004-11-01,경기 동두천시 92길 35
2380d7c9-b9ba-4c8a-bd28-0d4a24773762,조민수,Male,1999-08-25,서울 중랑구 39로 18
d10c5cb2-51fc-450e-9672-231846e3dd9b,최지민,Female,1985-03-28,서울 은평구 92길 59
c24cc274-7bbf-48e2-a051-869e329fdc03,박서현,Male,1987-02-05,서울 강북구 29로 57
af5838b7-8964-46f5-86ff-5e49175f40d6,정서준,Male,2003-10-14,경기 평택시 23로 22
b56b06ff-1e2b-477b-a5d3-196460d4a697,강서현,Male,1986-10-19,서울 성동구 42로 14
1fcda07d-4524-46f5-9c6f-39869a552a32,임민재,Female,1995-12-20,서울 용산구 72길 60
3cff6ce1-99c4-4c81-b8b9-1446151d0084,정민준,Male,1991-03-12,부산 수영구 23로 29
1005dd10-c380-4114-bbbd-888dd52a92d4,강서현,Male,1996-09-20,경기 광주시 24로 31
8d067b0b-ec44-4d2f-af0c-dee4b942a831,정우성,Female,2001-02-21,부산 중구 96길 68
a810be1c-aeac-400d-8f48-699e5eb3d353,최지민,Female,1991-01-22,부산 연제구 45로 38
c7e6bda6-9174-4fd1-9ffe-f9c61273a793,박민준,Female,1985-05-23,서울 강남구 57길 27
625a1252-f489-4900-b76b-56a41d230c2f,최민재,Male,1995-07-17,경기 여주시 52길 27
50188512-e3bc-4524-81d2-6a15cc064be2,조현우,Female,2002-11-17,경기 성남시 43로 11
c1ca5c88-87ef-4fcb-a8ee-03cceb7d49db,최지민,Female,2003-05-24,부산 사하구 13로 79
26b5494b-3da7-44bf-831a-7b754ebad635,박준호,Male,1997-01-16,부산 영도구 90길 34
2cc2affa-efb6-4a86-8f7a-ea1b1b7a9b55,김현우,Female,1987-12-24,경기 용인시 29로 91
c8d4a776-5966-481d-8cc3-4556e06c4fa5,임민재,Female,2004-07-28,부산 서구 81길 87
0501f2ff-cedb-49aa-96bc-db34e8b7fbee,최현우,Male,1989-08-08,경기 군포시 36로 65
2a350a92-b2df-4a8f-808e-9f45728c8b0f,윤현우,Male,1992-04-07,경기 화성시 67길 16
e36d108a-bc0d-407a-9691-720b66e8667e,최우성,Female,2003-05-09,부산 해운대구 41로 79
33869a37-6e82-465b-a80e-b589a2e54ff9,박현우,Female,2001-01-13,서울 서초구 99길 77
442cdedc-4e70-4036-93df-a9822bef3137,임우성,Female,2000-03-17,경기 군포시 98길 21
bb5a8ed2-e5ac-4022-a484-34adf3badffe,윤서준,Male,1989-06-19,부산 북구 63길 22
eccb357f-61a6-466b-af33-0fba5520fed1,최서현,Female,1999-02-22,부산 남구 94길 40
661947e6-2e53-4b82-9364-8363a416e088,조서준,Female,1991-06-03,경기 오산시 57길 23
5ff928ab-df1f-46e1-9220-5b9ba42c67f5,조서준,Female,1986-07-27,부산 수영구 80길 12
93aebec3-3ce0-44bd-a884-a235396c257b,박우성,Male,1994-10-18,경기 부천시 70길 28
d835e226-adf5-43ed-bf5e-15100f0bee66,윤서현,Male,2004-08-31,경기 부천시 35로 84
40c19d53-1c58-43b3-833d-dc7ab4657b07,조민재,Female,1991-07-17,경기 고양시 38로 81
b8c421ec-d62b-4660-9356-0a54cc578b86,윤현우,Female,2001-10-26,경기 광명시 85길 66
41ea1b7d-614e-4593-b0d8-51ff4a0fd4ee,강지민,Male,1998-06-16,경기 수원시 13로 95
c2f0c129-8850-4050-804e-77599ebdfb2e,임민수,Female,2000-09-09,서울 강남구 32로 75
38e1f790-52c2-4555-83f4-898f5456554f,최현우,Male,1985-07-25,서울 강남구 57길 31
4c67b215-a959-493d-9bb4-b64cca91065a,박서준,Male,1998-11-06,부산 동구 75길 79
4f04a958-94c3-4b84-b0e7-677af0a021a4,박우성,Female,1997-10-31,경기 안산시 68길 48
af72cd96-12d9-4335-938e-0a56c9dec0fc,윤서현,Male,1990-09-09,서울 강동구 73길 33
fff3e022-ccd4-426a-b19b-b8992771b630,서준호,Female,1990-01-10,경기 화성시 89길 13
a8d3b92c-a113-4cd0-9edd-e9fe4a64e1b5,임지민,Male,2000-06-16,부산 중구 63길 75
c4dd551f-5e13-49d3-98ba-29ab4b56625f,강지민,Female,1986-04-22,경기 의정부시 75길 24
8689ba23-3a17-4325-81e1-bdcef64ea729,윤민재,Male,1986-06-25,경기 광명시 53길 92
c790f0b3-39b8-42e0-8c55-dafd089ffc78,임민준,Female,1987-01-03,부산 남구 51길 31
7e52f665-2d27-4c90-9dcd-5566b7341425,윤우성,Female,2000-01-21,경기 의왕시 10로 41
2e2021be-50cf-415f-b5ce-b36489ce7ff0,조민재,Female,2002-08-12,경기 양주시 89길 58
0a2c5aaf-b496-4864-a56a-a174d63f872b,김민재,Male,1995-08-11,부산 부산진구 54길 10
2578b8bb-da27-4e23-91d0-c3c04dc56f49,이재원,Female,1998-11-24,서울 성동구 78길 59
7bd8c5eb-6ebd-4a65-9452-ce2aa739b10c,박재원,Female,1995-07-12,부산 중구 80길 76
35b30f62-92b4-45bd-a6d0-f5f3ea21c0f8,최우성,Female,1997-10-11,서울 동대문구 21로 58
ece156fc-f63f-47a6-9f2e-511c66e1adc1,서우성,Female,2000-02-13,서울 강동구 24로 92
afb80dd4-c45b-4343-ac70-6d399bd0f911,박우성,Male,2001-08-27,경기 고양시 46로 64
65cc3b86-4739-4d3b-9c08-cc7659cd44ff,강지민,Female,2003-03-23,서울 서대문구 76길 83
fe8f0716-316a-4fa1-b393-fd08e03b22dc,정준호,Male,2000-02-19,부산 수영구 41로 15
c4a65caa-4dfc-4db7-b9bc-ff9d9297eb82,강재원,Male,1999-05-25,경기 평택시 27로 51
95b1812b-4208-40c0-8152-08d96ee5144b,조민수,Female,1993-01-06,부산 사하구 96길 74
b85c2dad-25eb-4180-90ba-f8ce0f8bf0a6,윤준호,Female,2000-10-20,부산 해운대구 82길 59
06efda3d-8219-4954-a5d8-6b69ec0f8d62,서지민,Male,1999-02-01,경기 군포시 42로 21
c4f1b4fb-e775-4ff6-a1d1-9f8004aceb64,박지민,Male,1995-02-26,서울 강서구 81길 48
4c7cca96-e1d4-46a8-9275-c031a74923a3,조민준,Female,1993-10-29,서울 동대문구 45로 41
a8ed446b-7c46-4611-9e7f-8bc258b05d20,최현우,Female,1993-12-21,경기 안산시 24로 57
137031e7-270c-490d-b727-486b7d6b57a7,박민준,Female,2002-11-02,경기 안성시 79길 47
244a1399-a194-48fb-b379-59f93291fbc2,윤서현,Female,1988-10-03,부산 강서구 38로 39
76829f0f-32c9-40e6-a717-3ab956166132,서서현,Male,1995-04-25,서울 노원구 62길 32
288cbad8-e9e4-4436-8422-45498d08206d,강민수,Male,1987-05-27,경기 안산시 68길 75
313af499-78d3-4abf-adc4-2c801380ba27,김준호,Female,1987-03-14,경기 광주시 28로 13
668b4d85-f8f7-4ceb-affb-b1df487a7d45,박현우,Female,1997-05-06,서울 강동구 16로 93
3c9c3e07-d3b2-4a7d-876c-0ae614f012ed,임서현,Male,1988-11-12,경기 용인시 86길 55
94d21949-ebab-48ad-9a28-6a8502e99cc6,김우성,Male,2003-08-13,경기 안양시 51길 74
3294e0f2-1428-41cf-8a7d-e2c8f7cf9e6c,서현우,Male,1997-11-19,서울 노원구 94길 17
a90774d1-abe2-43bf-a633-fb2e305047dd,김지민,Female,2001-03-28,경기 하남시 49로 35
708d4739-8d6a-410d-a6e2-aea957a3a885,김서현,Male,1990-11-05,서울 강남구 73길 43
1cb454a8-fc67-4194-9032-2f569bd1cbe4,조현우,Female,2000-05-17,경기 군포시 33로 98
ddcdcfa1-235b-4eea-a6b5-8ae2f0ce5cc2,강민수,Female,2000-06-15,경기 파주시 75길 35
ca5e7104-0860-4d3e-b351-a9fcdde6cf5b,김서현,Female,1994-06-19,경기 과천시 35로 84
64213a40-a4ae-4f3e-aca1-da70c571778d,윤우성,Female,1985-02-01,부산 금정구 51길 77
5388a66f-6785-4ffe-884c-49f3ffd95dca,조민준,Male,1999-03-06,부산 서구 53길 74
3591f6cc-1898-42ee-a8e8-39bdc1108f84,임민수,Male,2000-08-13,경기 부천시 88길 57
b6c75920-8b63-43bc-bd9f-7012abb714a4,조서준,Male,1986-02-16,경기 의정부시 50로 52
da1aacb7-8dd6-4feb-92c9-4eeba3c03fc0,조재원,Female,2004-11-07,경기 부천시 35로 19
578a3873-5099-4547-849c-d8d88f094378,임준호,Female,1992-10-30,서울 서초구 78길 84
1f3e8225-60b7-4a61-9833-b2bce71ff2d5,윤우성,Male,1991-06-06,경기 이천시 60길 23
757d6b99-aa26-4cb1-ac43-34922412b5c0,이서현,Male,1995-12-11,부산 남구 90길 95
f0a6a455-9e73-43cf-aae9-5103dfb73e94,이지민,Female,1987-01-21,경기 광주시 28로 34
9ac43cdb-a149-46c3-9f17-11cbf491ec8d,조우성,Female,1996-09-26,경기 성남시 87길 24
cf1611ec-df33-4581-86b1-02f975cdcd3c,윤재원,Male,2004-08-13,서울 마포구 52길 26
e78b88cf-4146-4bb7-a2b0-70dcc8cddf8b,조서준,Male,1986-01-26,부산 영도구 57길 67
14a5355a-06bb-4345-af84-86a07d04c59c,임서현,Female,1997-04-04,부산 동래구 34로 50
d57a7bae-b3a5-421f-ae6b-21e3dbfb4432,윤현우,Female,1989-07-05,서울 강북구 96길 86
1ee22e4b-97c7-47e3-b9a5-6a269714baf5,임서준,Female,2000-12-08,경기 용인시 77길 18
e98c50a3-6a15-4933-b1d0-8e5932050e67,강준호,Female,1986-12-05,부산 중구 18로 64
3e68acf2-f47a-4f2f-9193-72d0190c007f,윤우성,Female,2001-12-31,경기 남양주시 62길 30
d7835369-b89c-45aa-8acf-3e7c7202151b,서서준,Male,1990-12-16,서울 강서구 15로 70
764e8545-d40a-409c-a79a-7096158c96ac,강민수,Male,1999-04-08,서울 노원구 29로 84
40458f13-4cfc-4e91-8bb4-45eea01f1230,이재원,Male,1999-02-16,부산 영도구 22로 45
f291abb4-d78f-49af-b033-df15585419c2,서서현,Male,1986-09-20,서울 동작구 38로 66
8a43b995-33c2-4148-bf05-4e6b34092b30,임재원,Female,2000-08-15,부산 동래구 92길 70
e44b5c2e-3f10-44a8-ba46-e336a8a0417e,조민수,Male,1986-04-11,경기 의왕시 61길 74
edee792d-1c29-4155-a4db-ce8d743b945c,이서현,Male,1993-11-25,경기 부천시 45로 50
9da5ab3c-44c7-4c87-8a30-681cd7792578,이서현,Male,2001-08-29,서울 노원구 21로 25
bfa69718-3a64-4b72-a9dd-661134db7c84,임민준,Female,1995-09-19,서울 광진구 60길 14
f212c4f3-80db-450c-bef8-ae0cecbd1602,박재원,Male,1993-10-06,경기 의정부시 13로 73
43ea9803-e7ec-456f-b22f-0ad1c759c439,임서현,Female,2003-11-18,경기 용인시 58길 58
b2eae2f5-b89a-41de-a304-628aa0c8c923,윤민수,Male,1990-03-12,경기 광주시 77길 66
26ea56bd-e813-4917-9fe2-ddf8efa5ce9f,정민수,Female,2004-06-21,경기 고양시 22로 28
b097f130-fa68-477c-b327-e11e831b369a,윤민준,Female,1992-12-17,서울 영등포구 75길 76
5193e1d2-333a-4046-b91c-d28eba5323cf,임지민,Female,1993-12-11,서울 은평구 89길 79
817eefb8-c24d-4936-8b11-d7d5192c5ae0,강지민,Male,1992-04-12,서울 용산구 80길 85
55ef428e-4095-4d8d-996d-a5a57ecb10f4,김민수,Male,1998-11-04,서울 강남구 87길 52
45f083db-2e9d-4966-affa-715467f8f5b5,박재원,Male,2000-12-27,서울 구로구 71길 95
67c98572-db72-4ff0-82cd-47c31353d9a3,윤우성,Male,1985-04-08,부산 사하구 84길 30
510c37bc-3510-4823-b406-0b656b60c1c9,이민재,Female,2002-03-28,부산 연제구 57길 71
8d0c66f0-6073-4a5a-a7fb-a9d85f980461,최준호,Female,1997-09-09,경기 남양주시 49로 82
f4782385-a024-40d9-bf88-3e347131c9f3,강민수,Female,1991-02-10,서울 종로구 21로 74
36644dcd-677f-49c4-9e9e-b00e4ee605a9,조민재,Female,1994-06-12,서울 노원구 50로 76
fab087b6-9135-44a9-9839-d836c173d371,최지민,Male,1996-10-08,부산 북구 45로 51
4cbb17f7-7c81-4094-88a9-5d221c3e6c91,임현우,Male,2001-08-13,부산 사하구 41로 95
d923c7ff-8312-426b-bdab-ed35b41b2141,이민재,Male,2004-07-06,경기 시흥시 77길 59
ee8f69ce-4e5e-4e3e-8c55-99493785168c,최현우,Female,1992-06-17,경기 의왕시 56길 59
38266f3f-471d-4b06-a7ad-c10e164e5bb7,임우성,Female,1998-10-10,경기 파주시 62길 44
b2d642f6-734e-49c2-9616-3fd2b651c996,이서현,Male,2004-08-15,서울 동대문구 44로 50
ed29b63a-2b15-4d68-9f13-b55bb113c7cd,윤민재,Female,1999-02-25,서울 동대문구 93길 79
4312cbcc-cbc5-4b29-af46-19eb60ed3548,조민수,Female,1994-09-18,부산 부산진구 47로 91
b160c276-7dac-4293-9926-6cd866047368,박민재,Female,1985-09-19,부산 사하구 40로 34
e83983e9-7d89-4dac-a5f4-b41e5f522100,임지민,Female,1994-08-18,부산 동구 35로 71
c8d11f5d-6e33-4cec-b6b1-deda7cefe6b6,조민준,Male,1999-01-10,서울 서대문구 95길 21
438dbac3-47fc-41c0-8b87-c7ff12a0bdc4,강민수,Male,1997-10-30,서울 도봉구 29로 82
1c3faf55-a499-4ffa-8c6d-5497d8b24d19,임민재,Male,1999-01-09,부산 해운대구 99길 92
36291162-9aa8-458f-9655-e139374c91d2,최서준,Male,1991-07-12,경기 남양주시 33로 62
e5fe2a59-dbd7-420f-a65c-ed2f31108bbb,윤준호,Male,2002-11-14,부산 강서구 79길 41
1e8127c6-f32a-4fc8-9657-2d2fa739118c,최준호,Male,2001-10-07,서울 송파구 67길 99
6eddaaa6-d58c-4288-a2b0-d9e6a1e8dd04,이재원,Female,2004-08-08,부산 금정구 87길 18
2b0f73df-9391-420f-a0e8-61e3c86f4e49,최재원,Male,1996-12-08,부산 부산진구 12로 23
05ce3e16-15e6-45b6-940f-2ea2080280e8,이민준,Male,1996-03-24,부산 북구 98길 31
5106fc72-0d8f-4b3b-9846-d611aeefce41,정우성,Female,1985-04-26,부산 동구 39로 80
2d3f1bd4-e80c-4d09-91f9-45a0b0373d7c,박지민,Male,1990-12-03,서울 동대문구 51길 60
e160ffd8-ba8a-454b-bf33-7daa2a8a0abc,강서현,Male,1995-06-04,경기 이천시 19로 29
58923249-5885-4a61-b045-ebb618599a9a,임민재,Male,1995-10-19,서울 강남구 31로 73
2d4c7c0b-54ce-4156-8bb8-ab54b4e0ad46,서현우,Female,1999-10-11,부산 부산진구 57길 48
a3161d43-4945-4a37-ab76-d9d0ed92d783,최현우,Male,1985-02-11,서울 강동구 65길 41
0545448a-395b-4e96-b803-a2ffb6485fb8,윤민준,Male,1994-11-06,서울 구로구 98길 12
67a2038b-ac92-4ca6-bd2b-3a4c53dda6d7,이준호,Female,1996-11-11,경기 시흥시 89길 74
aeeac34c-1e57-4181-ae6c-ad9678cdca81,조준호,Male,1985-01-24,경기 화성시 86길 79
142a3be2-19ed-4e8b-89df-90a57af0583a,박우성,Male,1987-11-10,부산 동구 23로 55
622e50b5-260c-4201-8242-09a09bac63f0,정준호,Female,1998-04-29,경기 파주시 57길 85
200ddf4a-1524-408a-860b-06e5041b227f,김민재,Female,2002-04-16,부산 금정구 19로 54
59120c90-6c5a-4d34-b13a-f02486bdb52b,서서현,Female,1995-03-06,부산 사상구 30로 38
d89f77b9-75e3-4dc6-9422-efaca7e9a75e,서현우,Female,1991-11-24,부산 연제구 58길 59
2d4ba8c1-c4c5-43d3-a3ac-fb49013a1204,윤서준,Female,1992-07-21,경기 포천시 66길 32
63c1f2bc-e7f4-4f66-b79c-5197ec1ed11a,조서현,Female,1987-10-10,부산 남구 83길 57
6dbc4c72-8bc6-4062-aa18-6adaca83456d,정재원,Male,1995-07-05,경기 군포시 57길 39
a5a21b1e-1859-443c-87db-b4e588794e07,조재원,Male,1995-05-21,부산 동구 49로 84
f1e4a01c-2e99-488d-8a72-9b74b57bd400,최우성,Female,1986-03-12,서울 종로구 20로 43
537694f3-287e-4c95-a9ed-cc7375b3d9a8,박민재,Female,1995-06-17,부산 강서구 15로 52
d2f67965-d6de-45ef-99a3-fa4002f370cb,박우성,Male,1991-05-21,부산 동래구 58길 75
f9cf40cf-ac26-4954-b505-5218940dedbe,서민준,Female,1994-09-25,서울 영등포구 91길 74
e56189eb-1ad6-468a-8615-8f2743502bdc,정민수,Male,2000-07-18,부산 강서구 88길 96
6f04cfce-3107-4fed-aa29-c758bf24c311,이우성,Female,1985-02-11,경기 안산시 65길 47
875d2068-1b37-4739-a2ea-01c39c979c9f,이서준,Female,1997-01-30,경기 동두천시 76길 94
bf88fac7-0c6a-47e0-bdea-ca89943bd794,김서준,Male,1988-01-04,경기 부천시 97길 84
b102af24-10bf-4478-89ea-92f23a5b77f9,강재원,Male,1996-01-15,부산 영도구 92길 46
f3097859-e92a-40d8-a423-db8dcda08350,윤민수,Female,2001-10-14,경기 의정부시 63길 54
470548a0-bef2-4ad8-8408-493959892799,정민준,Female,1987-04-18,경기 하남시 81길 18
84b9b5bb-bcbf-4b87-a9ae-34b18102430b,정현우,Female,2001-03-13,서울 용산구 19로 10
616169ee-3a65-4fda-ac56-1e9608e368d0,강서현,Female,1996-07-15,부산 금정구 70길 44
24c0ca25-73d8-47ea-b8f7-3f51c16de697,정민재,Male,1990-02-05,부산 해운대구 48로 34
680744ab-cccf-4ae5-a0de-eb5742dc2a6c,최민수,Male,2000-06-10,부산 수영구 93길 48
15f22cd3-94a4-4c85-a5ad-1c0ff4b40c5b,이우성,Female,2003-07-02,부산 사하구 91길 17
c9d5f0fd-120f-4079-9e85-fa4af61b535a,최재원,Male,1997-09-20,경기 김포시 49로 13
aa9199db-03e6-459f-af89-4a9df4195af5,최민수,Male,1993-02-05,경기 포천시 68길 30
dc886a7c-b6f7-4f71-978e-b689f2f28cb7,정재원,Male,1995-12-11,서울 서대문구 50로 86
140f6de8-18a2-4271-9933-5d307beac6ea,정현우,Male,2000-10-02,부산 사하구 71길 94
65e1dda8-fc31-49cf-97db-cd5519ceadea,임민준,Female,2001-01-22,경기 김포시 34로 59
48bf26ca-60ca-4a04-8704-bceac6d9e8d7,김민재,Male,1995-03-31,서울 성동구 43로 17
9b8414ad-b6c1-47c6-91b4-fcf405aa65fe,조서현,Female,2003-07-18,경기 안성시 43로 41
c84017da-fa0a-404e-975b-5f276dfecf44,박민수,Male,1987-12-29,부산 해운대구 61길 29
08c6c200-03fb-4be0-bf94-9f2dbe9d3670,이재원,Female,2001-10-27,부산 금정구 44로 25
40cbeca0-f194-41ff-bbbd-c1851df22d53,임서준,Male,1997-04-26,경기 화성시 11로 48
7649379f-7031-4d04-9d30-3af525c32376,조민재,Female,2002-12-12,부산 사상구 48로 56
8d0b9842-6df0-4dd9-aa27-9134806bfd7d,최민준,Female,1985-06-24,부산 금정구 56길 71
ceca38c1-5f20-43b6-8542-bdcc8ccf70f9,강민수,Female,1987-12-22,서울 영등포구 48로 48
555e10f3-d98f-40df-b7cf-c6c06b1cd542,최민재,Female,2003-08-17,서울 중구 55길 81
8dcd31d8-4f32-495b-82bf-18ef4352af5a,임준호,Male,1999-02-05,부산 연제구 52길 83
7cf7f1cb-ed5f-41d1-bd7a-2f1f7ba42b0b,박서현,Male,1989-02-24,서울 마포구 50로 87
ebe131a2-2bb5-4d7f-a651-6a9d8ec8c55b,박지민,Female,1990-03-31,부산 해운대구 92길 80
3ae90177-424f-4858-8e56-5b2c19408b5a,김우성,Female,2003-03-23,부산 북구 41로 57
6d74da76-767f-4556-9502-19f339de8bda,이서현,Female,2002-08-09,서울 은평구 48로 77
994696b2-a972-4a52-9a84-b0a2ae6d55d7,윤서준,Male,1989-10-24,경기 동두천시 56길 96
09e2e4bb-be1d-481e-b57e-c26f633cfe29,이민준,Male,1993-03-08,서울 강동구 38로 54
0e6c0d43-dd00-4892-8990-3783715730b8,최민재,Female,1991-09-25,서울 중구 47로 66
db970ac5-f2c8-440d-a18b-fa637087e676,윤민준,Female,1997-10-27,부산 중구 17로 25
8fede8e4-1812-4962-b10c-591b25f57796,강민재,Male,1996-11-05,서울 종로구 14로 59
c4a9d0be-2efb-4deb-874a-b8fea520ca0c,이민수,Female,2003-09-04,서울 노원구 95길 93
046b4b36-4212-4b60-9727-c2bd73b32e03,김준호,Male,1995-10-19,부산 수영구 61길 68
2f592a78-ae3d-4148-b4ac-9743688e4044,강서준,Female,2000-12-03,서울 성동구 77길 71
fc033795-0216-4046-8e9b-fa685f5f695a,김현우,Male,1990-05-20,부산 중구 88길 82
535de946-4399-4e0d-a767-4cdd473a105d,이현우,Male,1994-01-16,경기 수원시 87길 29
fd8f0ad0-5299-43cb-9014-468b3600acfd,임민수,Female,2004-12-16,경기 평택시 12로 62
11e128cf-0504-4ef0-9d7f-c773b466d118,정민준,Female,1985-04-26,부산 기장군 86길 52
114dbb5c-6598-43ed-a2b2-6147fe89c0e5,이민재,Female,1991-12-28,서울 광진구 17로 82
bff9a6a3-2a83-4f56-97ad-41e33dce7aa2,조민수,Male,1993-10-11,경기 하남시 33로 82
7b0f5b07-cc69-45e9-a956-393091db7e60,윤재원,Male,1998-03-20,경기 김포시 76길 28
08921715-0986-4da6-86ff-a9ae4a72802c,서현우,Male,1997-04-29,서울 도봉구 84길 43
4d2fd9d3-5b37-4854-a7a0-4f7e83d2cdc3,최재원,Male,1985-02-13,부산 부산진구 62길 30
30823e15-b807-459e-a047-2c7b9fb44c8b,강우성,Male,1988-08-26,경기 안양시 34로 22
a26cf526-26d2-4e9b-941b-2a23006a307f,서지민,Male,1994-10-13,부산 동구 34로 19
2ea83a22-1159-4e03-8cc7-b77d1caf9523,박민재,Male,1993-12-10,경기 김포시 50로 92
f92c73c7-f376-4a4c-b179-650e16c11e54,윤우성,Female,1985-12-28,경기 오산시 63길 26
e2e2c5dc-cd93-4a1c-8b68-ddb972c3b908,강서준,Male,2000-09-25,부산 기장군 56길 10
be060218-f02c-4e75-8831-cd0095dcc48b,최민수,Female,2004-09-27,경기 양주시 45로 31
b53d62b0-a9e6-4211-a0a4-6706ee2a1743,서현우,Male,1998-08-31,경기 포천시 97길 32
de750c51-93be-4139-94bc-bad2b4aba86e,김민수,Female,1989-03-10,경기 광명시 52길 64
99d82423-8d0c-4e03-b512-e0bc6b2df104,서서현,Female,2004-04-02,경기 고양시 54길 88
235327b5-87b2-4ca0-8b04-a94bc46cea12,이준호,Male,1994-06-24,서울 중구 92길 87
f74fb220-af7d-41f6-b3ae-5e8f0e35d60e,서우성,Female,1992-09-28,경기 하남시 53길 42
c35309be-5f90-4946-9903-cb7d9fbd21df,임현우,Male,1991-01-31,경기 안성시 30로 35
b33d6476-ff07-4ffc-bd13-1b48f1994d84,강재원,Female,2000-10-28,부산 부산진구 42로 85
db375087-b662-4ea3-b2d3-681c911b304c,윤민준,Female,1997-06-09,경기 하남시 28로 18
7cc8a6e6-9d95-4afa-811a-7eb40f00f1d8,서우성,Male,2003-05-19,경기 성남시 13로 68
d75e8857-0118-4d0f-a093-e762c1bbe178,서준호,Female,2003-03-12,부산 기장군 77길 57
1aa6bf11-34f3-48ab-8c8a-4a077a735e51,정우성,Male,2003-01-31,부산 남구 47로 81
0d230690-60e6-4574-93b6-5d755d584ae1,강서준,Male,1998-12-25,경기 과천시 46로 58
5e6fa822-1d90-41a8-a443-9b014d0d5635,임민수,Female,2001-04-16,경기 의정부시 90길 43
18cbc6e4-a985-4d2d-b73d-7bc5c0c97093,이재원,Female,1997-09-22,서울 강동구 91길 89
2bf2a986-c61f-4cb7-af54-3a596093604b,조준호,Female,1994-01-03,서울 관악구 51길 23
e45fbba0-7337-4d36-95b9-8742cd1f4b50,박우성,Female,1998-05-02,부산 부산진구 86길 80
f6a6282e-9719-4455-be33-1c36d9f1775e,강지민,Female,1990-02-08,서울 중구 13로 13
2a490b17-4cf8-41ec-9501-8c1defbf933a,박지민,Male,1993-08-08,부산 기장군 16로 96
db7dd6a6-33ef-4043-9243-a3b8652243a5,김우성,Male,1985-05-12,부산 사하구 16로 38
23f59358-fad6-4dd0-89a1-6eea69e0e7f3,박우성,Female,1990-11-30,경기 하남시 56길 93
6e5c0c0b-a91c-4995-b921-c2c5d5934d4e,이재원,Female,1993-02-22,서울 서초구 89길 47
c8d50a78-e1b9-4340-83f2-0f0b76ea37df,박민재,Female,1987-10-11,경기 평택시 43로 55
b33500b5-af52-441d-bbdc-65371b5e173f,정서준,Female,1997-04-15,경기 과천시 38로 61
cdb2f916-3d3c-41bd-bb96-18f1c342ebc5,최우성,Female,1997-03-25,경기 안산시 57길 23
5db605be-b54f-4608-b793-697b983d5edc,조민준,Female,1992-12-31,경기 안양시 24로 16
02949be5-ba13-474b-934e-535202921957,윤서준,Male,1992-04-11,경기 고양시 57길 28
33c8aa9d-736c-480e-87f1-99cfc62dc2b3,이준호,Male,1998-08-07,부산 동래구 49로 80
a23b0274-85c8-45ac-adbb-42c1d298fe5d,이재원,Female,1989-08-19,서울 동대문구 15로 76
de601238-27d4-455a-96eb-284521e40f16,서서현,Male,1999-10-04,부산 동래구 45로 23
97e591ba-3ee6-4faf-86ae-09e829d2ca3b,조재원,Female,2001-08-23,경기 의왕시 49로 90
269b2471-43ab-4554-bc50-5ab95e2f0e11,서지민,Male,1997-09-21,부산 강서구 11로 51
9db24def-1595-4eec-89f1-dec610ba1fae,박민준,Male,1989-04-13,부산 사상구 99길 76
e703110e-a4b0-4ffb-ab45-a014390d12fb,최서준,Female,1991-03-24,경기 김포시 18로 52
cb2aadd7-e079-4e1a-98e2-ed81bfb17b04,박준호,Female,1986-04-12,서울 강북구 10로 87
8910728e-67c8-4736-9aae-9fe33005151b,임지민,Female,1993-09-06,서울 서초구 35로 72
2010594d-e843-4292-a882-42597f3b976e,정현우,Male,1991-07-12,부산 해운대구 78길 62
2d415985-2531-4e79-a372-72d4d894e3c7,임재원,Male,2004-10-28,서울 금천구 40로 84
3a87a566-f5ae-4309-8b8a-23db16cec61c,서준호,Female,1991-05-02,부산 해운대구 83길 13
f984edff-856b-454a-9db6-3595b51fc2c4,정준호,Female,1987-09-02,경기 과천시 64길 60
9eb52c17-08be-443e-b2fa-8517d03ca878,김서현,Male,1997-09-30,부산 해운대구 33로 82
71eae45f-d08b-4b0b-b062-3065f24cd22b,정현우,Male,1993-07-20,경기 성남시 34로 69
38f19e99-10a0-4946-bd0f-088f4408277f,조준호,Male,1997-01-31,경기 파주시 60길 40
49aaa1b4-a7ce-4b82-896a-19d5d3b07038,김우성,Male,1986-10-17,부산 중구 40로 54
4a6a6227-c800-4d1e-828b-94a0168e0f34,이서현,Male,1987-03-17,부산 북구 90길 84
d63e8adc-6bcb-40fb-9324-867b67dbdf77,임민재,Male,2002-05-18,부산 사하구 55길 93
aa4ffae9-48d9-4fc6-95c1-d02912909099,정우성,Female,1989-11-10,경기 군포시 87길 86
c5997ca0-0e60-4826-b470-0402225507a6,박서현,Male,1997-08-29,부산 기장군 74길 59
adec6189-b058-4d22-afee-5fbbeecd9169,박서현,Female,1985-10-03,서울 강동구 59길 16
d4b7f5f3-0f0d-494d-aabc-8bfa364cd009,강현우,Female,1996-10-21,부산 동구 73길 47
996ef33c-c4d6-4e41-ac99-718a3e71c33f,박민준,Male,1995-07-14,경기 여주시 40로 10
a259eaff-c95a-482d-8d19-2ca18cebe8f6,서재원,Male,1990-04-19,경기 파주시 23로 34
8b96abce-a9df-40ab-88c1-5cfe08f863b8,강준호,Male,2001-10-19,서울 용산구 46로 80
0cba513d-b2f6-419d-856f-7343490ae086,김민수,Male,1999-10-08,부산 북구 42로 51
c0dffbe7-da88-4e2d-a922-09574a3a131a,임현우,Male,1992-11-08,부산 서구 39로 70
516a1595-a8d3-403e-80d3-4750061b7ba7,윤민준,Female,1991-10-03,경기 동두천시 23로 89
fc62c7ed-1a52-4718-b0c2-1683357e95a1,서재원,Female,2001-02-17,경기 고양시 51길 33
2fd88262-041a-4cad-bd09-1b7e0dbdd3bf,조재원,Male,1990-07-28,부산 북구 45로 97
c8eeff85-5c51-431e-8b53-4f3ee403778f,최민준,Male,1986-10-27,부산 수영구 29로 87
a48529ce-93e6-4be0-8a47-e8a60a62a353,윤민재,Male,2002-08-03,경기 수원시 40로 60
a38686b0-2806-457f-a1e7-4c4d674b7a74,김재원,Female,1991-02-01,서울 종로구 56길 77
9d3f70c8-48cd-4552-a7e1-cd234c8529c3,임민재,Male,1993-09-18,경기 하남시 75길 31
3e17c38b-9c7c-4b56-862b-f1f4a5f672ba,김현우,Male,1987-08-31,부산 금정구 79길 91
c48ff8e4-8299-4808-9352-d7ca5b3bb079,박민준,Male,2002-12-06,부산 연제구 57길 38
8fc890bd-85a4-4287-86f1-e734bc46f51b,이재원,Male,1994-03-11,서울 동대문구 82길 33
8af8de9c-2127-4fc7-9f2a-7828e68a7a7c,임민재,Male,1993-10-07,경기 용인시 42로 78
ab5f7a1d-1456-441c-914e-8a80aed47cc2,조재원,Male,1988-10-22,부산 영도구 98길 61
6de82e65-f973-47b1-a6c0-4b22db07bfd5,서민준,Female,1994-03-17,부산 영도구 17로 50
661102d7-84b8-4d28-b360-90c86f205b48,조민수,Male,2001-09-01,경기 화성시 79길 77
2f45eade-7677-447a-86de-8755c12746fd,이민준,Female,2001-11-22,서울 용산구 82길 59
409881f8-fd48-44d8-80ea-0ab2f9914e98,서지민,Male,2003-06-26,부산 기장군 96길 66
2492739e-4fb7-4d72-a3bd-9d99dc3ddd9f,김재원,Male,1987-11-28,경기 광명시 92길 20
3d465106-4e23-462d-84cd-a8cdda68bb33,강준호,Male,1993-05-15,경기 수원시 11로 40
abc142dd-19aa-41d4-b6bb-d8967ed30f1d,조준호,Female,1990-05-02,부산 연제구 78길 33
8dd1eb13-e533-4cbc-8df3-5cd21c218144,최현우,Female,1997-11-24,서울 은평구 26로 41
d045452e-6154-49ec-b418-db0bf18b996d,김민수,Female,1999-06-20,서울 서초구 18로 75
b27a02d7-8809-4edb-aa94-423212a52fe2,김재원,Male,1995-04-11,경기 수원시 86길 59
c2761b7b-a25c-41e8-9393-5bd15d4926e0,조서준,Male,2002-12-17,서울 송파구 51길 92
73ffbac1-bf09-41d2-8512-5593c5f09f68,강민재,Female,1988-02-27,부산 금정구 88길 14
9c217b17-c8f9-4a15-b74f-90636c752b80,조우성,Female,1998-02-06,서울 성북구 26로 13
ec8da794-adce-42e9-87b4-aaa6b632b408,최민수,Male,1997-12-12,부산 금정구 46로 86
1f22dcf4-78f9-49ed-926e-ccef79f6a63a,정민재,Male,1985-12-17,부산 중구 67길 84
14aefd80-586c-454f-88c9-b8a00d9f94ba,윤우성,Male,2000-08-23,경기 의정부시 85길 63
ec8d5d54-139b-4a07-b6a9-bc6280213315,강서준,Male,2004-09-20,경기 파주시 17로 61
4e9d6287-2099-442f-9af5-3a764ab6d004,서재원,Female,1986-12-04,서울 중랑구 73길 80
76ea7695-456b-422b-89de-0cd9e779b6b0,최민재,Male,1996-07-14,부산 사상구 35로 37
a0aa97f1-f968-4f97-963b-c20098079da3,임재원,Female,1988-10-07,서울 양천구 47로 13
b104170f-f761-4ac0-9b43-1bd4e8928b42,이서준,Female,1989-11-27,경기 평택시 97길 73
306958d3-78df-4285-8a24-e11bbabf503f,이민준,Female,1999-09-27,부산 연제구 67길 26
8583439a-8a64-4bb8-9564-82a46a648a7d,김지민,Male,1995-11-14,부산 기장군 24로 73
b96c492d-6db1-4915-9f39-ed76e35d2393,최지민,Female,1987-09-28,부산 서구 58길 91
f2858cf4-c984-4de0-8bcf-f4259d86a76e,윤서준,Male,2003-11-02,부산 연제구 12로 42
bb6d9afb-ae2a-4d98-975f-5b42adfd653f,윤재원,Female,2003-08-04,서울 광진구 10로 83
6dd44786-5708-445f-a0d5-40034ae73934,임준호,Female,2003-02-28,부산 북구 96길 89
d6157b58-5b19-4bdc-a631-1d78bb4d970d,김민재,Female,2002-11-29,부산 강서구 42로 11
0c03cb83-ff4c-467e-874a-e55477fa34f3,박현우,Female,1991-11-19,서울 도봉구 26로 35
82c8fc8e-2832-40f0-b041-98633a2c43ec,이민수,Female,1994-07-26,부산 부산진구 69길 18
840c4580-2761-456d-bc31-05bcf3ddd6e3,강준호,Female,1994-01-10,경기 파주시 87길 28
74380028-1355-45c7-8fe6-a2430dc830b5,박지민,Female,1991-03-30,경기 양주시 42로 48
e6e05802-ac0b-4f26-962f-2010ba504bc8,윤지민,Male,2000-04-26,서울 마포구 53길 92
e0e4a063-2e02-48c3-86aa-c2894a75fa3c,최서준,Female,1999-01-04,경기 과천시 12로 33
bf659717-e4f7-43c5-977c-774089a8d5c8,박서현,Female,1998-10-09,서울 마포구 35로 60
07c1da9c-8e6d-4727-81de-70bc16ef8a63,이현우,Male,1985-03-24,경기 시흥시 95길 74
611d31b2-30f9-4a13-a5fd-aa9c81dcd563,김우성,Male,1995-11-01,서울 용산구 91길 87
9e6b33e5-1b9f-4c3c-8aaf-505104daedb6,강현우,Male,1999-02-24,경기 포천시 27로 75
4d8e1590-179f-4a82-86ee-0c6768c65646,이현우,Female,1994-10-18,서울 도봉구 35로 32
1816063d-6337-4ddd-bc80-bf8417f48be1,윤민수,Male,2004-04-18,부산 기장군 40로 63
81ecfb2d-c57b-4600-9423-2e8155c7351c,정민준,Male,1988-04-27,부산 사하구 15로 29
ea456b71-85e0-4cb9-9828-a76980cf6fca,윤재원,Female,1990-02-06,서울 종로구 32로 92
6facc07b-3e65-44b2-b951-7d40291fd45b,조민재,Female,1991-04-13,서울 서대문구 23로 17
4d925dad-fca3-44ef-bad9-f2cf6159e7aa,서지민,Female,1993-06-24,경기 이천시 91길 89
a4163101-d2f5-480d-889e-6faaaffdfecd,김서현,Male,1990-04-08,서울 노원구 29로 78
dec49745-fdcc-4d6f-878f-5804ba5ead1f,정민준,Female,1989-11-26,부산 강서구 26로 23
61328d9f-8cd5-48e1-b20f-759b27e5eccf,조지민,Female,2002-02-19,서울 서초구 52길 40
f2883abb-2345-4002-a949-4dd6758220d8,최서준,Male,1992-10-23,서울 광진구 61길 42
1ce32640-9eb8-4538-8672-2ee354e80b0a,윤민준,Female,2003-08-18,서울 노원구 21로 48
d202b87f-bd4f-4cfb-9f13-9fdbaf27df87,임준호,Male,2003-09-12,경기 안산시 43로 37
1598a45b-450e-4f61-b2fa-f86339b0bfe3,조서준,Female,1999-01-08,경기 과천시 42로 26
ae8f0e82-25b4-4829-a140-3cb4a67d7af1,정서준,Female,1999-08-13,서울 은평구 83길 95
4f49ae04-72a2-4753-ad55-69fa455d343c,강재원,Male,1987-07-15,경기 시흥시 16로 17
52a5b0a3-16dc-418e-8f0c-d158db1e45b3,이서준,Female,1997-05-17,서울 송파구 59길 80
e2338064-d586-4913-87dc-c64f450de8d5,최서현,Female,1997-10-12,서울 성북구 24로 22
fe213007-88aa-4ae5-9ef1-637d161252a7,이민준,Male,1994-08-30,부산 남구 48로 39
7ecae510-7cca-4ce7-a977-e25006d0f29a,조재원,Female,1989-02-25,경기 시흥시 81길 84
0ead30ff-73ca-4210-b80e-440653675dc6,김민수,Male,1993-10-09,서울 강남구 74길 29
83451386-2df9-44c4-a490-4f069c44cd45,최민수,Male,1986-09-19,경기 군포시 29로 37
5493b912-4c98-4701-9930-45b5ac8ca947,임현우,Male,1991-04-25,경기 안양시 47로 45
514c54b7-3e23-43fd-8980-46e6a925982f,윤서현,Female,1996-02-20,부산 동구 53길 37
08a390fa-d9d6-41d6-a6a7-b3dba04ee8f3,강현우,Female,1995-07-23,경기 부천시 23로 38
c1d6472b-d867-4eeb-b08e-9e3b7e258fbd,임현우,Female,1996-01-22,서울 동작구 64길 65
42ced112-5826-498a-bb86-5fa3bc615fa7,정민수,Female,2001-02-18,경기 안산시 63길 10
cdd85634-74e2-40e1-bded-2b5fc98d354c,이민수,Male,2000-05-04,부산 영도구 59길 43
d9b4f413-c2cf-4014-a28f-b34886942a0a,서우성,Male,1994-06-03,서울 구로구 59길 51
ba630e7c-a26a-4d80-a468-cae6dafa05e7,김지민,Male,1991-08-11,부산 북구 23로 39
66f4d24e-64bc-4348-b7da-d06e8390c8ba,강서준,Male,1990-07-31,부산 동구 41로 33
fbaa3d72-c2c1-4076-8f67-943b1d616af1,조우성,Male,1993-02-08,서울 강남구 30로 14
232c1c57-9ad6-4d0b-9327-843417f8381b,이민수,Male,1991-01-03,경기 이천시 23로 87
79a1431b-1fff-4ce0-a3d1-ddef7e483d72,강준호,Female,1998-06-14,부산 해운대구 71길 79
ef1c5ad4-db5e-467e-8cfa-f01082fcd202,박서준,Male,1989-11-07,서울 광진구 23로 85
64f483ef-0cc0-42c9-96f2-a57d48e69b92,최서준,Female,1998-10-20,경기 군포시 69길 71
866679fc-d6ac-422e-b318-14875c4a9dd1,김서준,Female,1987-11-11,서울 서초구 43로 56
8c05b59a-b9be-4b33-ab2d-b0189eefe950,박민재,Male,1993-02-03,부산 사상구 78길 34
3467c7aa-7238-43f9-93b6-4740dc3610b9,김서준,Male,1996-12-13,경기 남양주시 16로 56
4a5b53b2-3ec0-4865-ade9-97e264b3c883,이준호,Female,1986-04-17,부산 중구 97길 61
2651066f-4d68-4a1b-9caa-57c4cd451cf4,서민수,Female,1998-01-13,경기 동두천시 83길 91
929455b2-9407-4bef-aa94-bba8da8e6d64,김우성,Male,2000-11-24,부산 수영구 91길 88
146f8e1f-ac93-4b72-8d47-6c6d89b362e4,임현우,Male,2004-11-17,부산 중구 71길 60
f41233f9-8835-4a74-b4a5-2c9674c3dce7,조민재,Female,1987-09-23,부산 연제구 75길 17
4bd68b64-339d-4d6e-86c0-164013a28e8b,박민재,Female,1990-04-08,경기 의왕시 41로 43
d12c05de-9685-48b8-b372-6e14600b1a4b,조우성,Female,1993-04-14,경기 의정부시 21로 22
cfcb37e8-e670-4240-b4e1-988672d38fc9,윤준호,Male,1998-10-07,부산 사하구 61길 38
a68f4aa9-6c00-4c95-822f-e039161b931d,서현우,Male,1995-10-11,부산 남구 79길 73
f7176dcc-5b9a-40eb-9315-281908e00e11,최지민,Female,1998-11-15,부산 강서구 85길 29
2893b71d-2a8f-46ca-bfc7-54df91d37222,윤우성,Male,1987-10-14,부산 해운대구 65길 90
bb3fbf33-842e-44b9-be49-2892b26fad3e,박재원,Male,1991-08-14,부산 금정구 92길 63
8986924d-c3c5-42d6-b5f2-940ccf9fe256,강민수,Male,1996-10-12,경기 파주시 76길 49
7ac1bd0a-c519-4d66-b344-f10c2419517d,강우성,Female,1987-05-08,서울 동대문구 96길 32
8f829621-b899-463c-a014-de28bdc3da18,강준호,Male,1985-01-28,서울 강남구 36로 81
236c5239-9755-455c-83b8-9ffd537edf52,김민재,Female,2003-01-25,부산 부산진구 84길 78
df4155b6-7d42-4c58-a82e-a57005e8da70,강현우,Male,2000-04-07,경기 포천시 79길 97
aef62a7d-3282-48b0-ad6d-462b5147e56a,최민준,Male,1998-04-19,경기 포천시 60길 99
53791689-e9cd-49aa-82a3-bd83eb959030,조재원,Male,2003-03-21,부산 남구 78길 16
6dec34e7-ebe8-4eed-afa6-bbd849d09f3f,강민재,Female,2004-06-12,경기 안성시 86길 42
c6c0237a-8691-45eb-ae2c-e3d6659b8159,조재원,Male,1990-05-05,경기 부천시 78길 31
d90a11b6-e1cc-4800-b2a8-7a559299aaa0,조민재,Female,1992-05-21,서울 강서구 25로 72
bbb6534e-877f-44a6-a53d-ca673890057f,임현우,Male,1996-01-01,경기 안양시 46로 64
3a2c0ac5-f760-45ff-bcea-d6ec366e3972,서준호,Female,1998-11-23,경기 평택시 63길 55
dc788eec-85c1-4141-b5ef-a05fe2f707a1,윤민재,Female,1999-11-17,경기 구리시 89길 68
f33df0d0-9e2e-4bb9-9f4f-cb0c198e8d28,이현우,Male,1986-04-28,부산 동구 98길 70
0acf362e-e6c9-4509-b9d7-37609cbc81af,박준호,Female,2000-06-19,경기 고양시 55길 90
aa6cd5b1-b2fe-40d9-a745-076cf6de1a98,김지민,Female,1986-05-16,부산 중구 67길 68
1cb91406-57f8-4bb3-a044-c8c0de012d35,김민재,Female,1986-01-13,부산 영도구 63길 70
71daa4cc-facd-4d2e-9f5c-c11f45926f75,임서현,Female,1999-09-06,서울 노원구 17로 36
67685504-be90-40d8-8d43-4560f1bbd239,윤현우,Male,1997-03-28,서울 은평구 73길 55
6d313391-8731-474e-a380-a3872a736753,강지민,Female,1995-11-22,서울 중구 58길 77
91942f03-c320-4dc0-99bd-e309ff3e2a1a,김현우,Male,1995-11-21,서울 구로구 80길 93
baa799a0-fe96-4c75-b96a-69dfeba6015e,윤서준,Female,1985-04-20,서울 구로구 96길 38
ba3a3e2d-e5e8-4508-aa6b-f1c6ff7727fe,김지민,Male,2003-07-19,서울 중구 34로 58
641d73cf-ad30-4de4-85bd-cc2a0d815f12,서재원,Female,1994-05-11,부산 서구 68길 37
9ad9e90d-98eb-45c6-9ee6-2a0ef11ad404,최지민,Male,1985-05-14,서울 강북구 94길 47
735da17d-3631-4a63-b920-12db7b84df50,조지민,Male,1997-04-03,부산 영도구 99길 71
f00b4526-9f74-4d2f-b936-83c106c1a62a,이서현,Female,2000-06-01,부산 동래구 72길 16
dc5862b9-e152-4316-8009-c593c0db4243,서민준,Male,1994-05-14,부산 사하구 54길 72
ff6e2a00-6a29-4bd8-80f2-df4f488c27f3,정민준,Female,1988-02-13,경기 평택시 81길 79
d90c9b5a-14a8-4c07-a1e2-3b4f42a775ab,서서현,Female,1987-07-23,서울 성북구 57길 41
c8cd3ff1-7468-4ee2-bdfc-1494b10381ae,이서현,Male,1999-07-05,부산 동래구 27로 60
e229a774-4ef3-4dab-ba09-757131d10661,이재원,Female,2001-09-20,서울 노원구 97길 55
51b84428-d723-4aa4-adea-7bc67d610b70,서민수,Female,1997-10-10,경기 성남시 94길 64
d4d37723-2435-46e0-90f6-0751551541df,윤민준,Male,2002-09-17,서울 강동구 98길 75
3621970d-24e9-4adc-830c-5aaad6fcb42d,최민재,Female,2003-08-16,경기 평택시 72길 64
052b04cf-4dd1-4104-9e02-fb0591dfb394,조지민,Male,1990-11-08,경기 의정부시 75길 50
6433e5da-b9ec-4005-a2a2-85f1b4bcfe1c,윤재원,Female,2001-12-15,부산 금정구 68길 46
9fafe202-af34-427e-b99b-4fc10f79a45a,이우성,Male,1998-05-30,부산 중구 89길 57
32bbad55-3d37-4a4d-ac36-f2592ed0bbc7,임우성,Female,1990-10-02,부산 동래구 60길 18
c0bf34dd-3f00-4312-8f33-a9d4e3f73e22,강민준,Female,1992-07-23,부산 서구 48로 47
75bf8fc0-17ce-4475-8084-9d5ae7190b75,김서준,Female,1994-05-28,경기 오산시 39로 58
c4735328-f27a-4a0d-8a34-05dae45c41e0,윤현우,Female,1992-01-15,서울 성북구 68길 29
96c5878b-62a9-483a-bc69-d9b80eb3e0ac,강지민,Male,2002-06-29,서울 강북구 21로 65
a1b4531f-c40d-4d7a-af28-b0dd2c77122a,박지민,Female,1987-09-16,서울 성동구 47로 32
fffdb7f1-7d75-42a4-82b1-b721e6d9524a,최서준,Female,1996-11-16,경기 수원시 85길 15
473222fb-eec2-4ccb-8d16-3c9777518cf3,김민수,Male,1985-02-25,경기 양주시 92길 28
8bcc8304-ff2e-4c4e-9dae-651624a55cda,윤민재,Male,2001-10-10,서울 강북구 49로 11
97475fe2-64c6-4e5a-b05a-ca7afa9224e2,박준호,Female,1985-06-07,부산 강서구 75길 35
dda626a8-3f1e-46ae-bf70-5d26490140e9,임민재,Female,1998-02-02,부산 금정구 69길 21
029431bb-18f3-4aba-9cb6-b0ac022ba415,조민수,Male,1999-12-24,경기 화성시 51길 16
5d037591-b146-4841-bbdb-d30ed4609cf6,임서준,Male,1994-01-08,경기 남양주시 59길 44
261ce4d9-9f27-43c2-8bc8-3f3001b43683,강서준,Female,1992-02-08,서울 강동구 81길 20
9ecbb283-51c5-4bd2-9bfe-2bdf78f60452,윤우성,Male,1991-09-26,부산 북구 60길 13
b4fc9aee-015e-41d7-b276-a37a7500fecd,정서준,Male,1989-09-21,서울 양천구 60길 10
6f1848b5-cd6a-4f3d-b0d0-58b2b7748170,이서준,Male,1988-06-19,서울 영등포구 94길 90
82b8477a-1a66-4976-9cbd-e133c9ec8998,임서준,Male,2000-02-20,부산 영도구 85길 84
4254bcb8-4bd8-4989-9bf7-ebfc720006c8,정민준,Male,1989-10-17,경기 남양주시 51길 21
4a4a2760-364b-44d7-a325-6779da936ead,최민재,Male,1991-03-29,부산 중구 90길 58
636af176-34f0-4a03-a4c0-c92bf45bf46c,윤재원,Female,1991-06-11,경기 포천시 42로 25
baceab02-40fa-43d9-8b00-6d0f410b8fa9,김재원,Female,1986-04-21,부산 남구 62길 27
c3751fa9-6a90-44c8-a183-871d1b345be9,정준호,Female,1987-02-21,서울 성북구 43로 65
42c7087f-9ad9-4923-8f95-bab68015a2e3,서서현,Male,1992-12-31,부산 기장군 90길 20
ed990330-ffd0-433f-9b70-c52447134bdd,서우성,Female,2001-02-06,부산 강서구 64길 83
5841ed1e-cd5e-4aa0-8490-36bcdf6ce7ba,최서준,Male,1996-03-24,서울 강동구 76길 53
0071b73d-418f-45df-9ab7-2bec44fc013e,임민재,Female,1994-07-10,서울 금천구 51길 44
cb820fb6-04dd-4823-80e1-abbc7102edeb,조민수,Female,2004-05-08,경기 평택시 81길 33
05356852-7242-44d2-a7bc-8063caadaaba,서민준,Female,2002-10-17,경기 부천시 93길 30
a5618398-ca76-4cf8-b27e-b7c313b6dfab,정우성,Female,2002-01-30,서울 성북구 95길 48
1827797b-b128-4675-8995-de2d8e8884fb,최우성,Male,2004-01-11,서울 도봉구 27로 19
84fd9a2a-e772-45f4-950b-5d5d9c9cb1d6,정민준,Male,2003-08-18,부산 서구 84길 74
e3b8f167-e308-41c7-bc09-1f694c64ce0a,서민준,Female,2000-10-08,부산 수영구 56길 98
c37bd5ff-eb52-4b67-87a3-0a8b58c40503,김민수,Male,2000-03-17,서울 강서구 29로 23
8ca06f0f-8a8d-4659-9766-455f6894ac48,임현우,Male,1993-05-04,서울 광진구 62길 81
1b2189ce-2fb4-4b63-bc47-731237fa2285,정민재,Female,1993-05-17,부산 동구 83길 15
623f4d21-4517-4add-887d-6268b250098f,서민수,Male,1997-04-13,서울 종로구 24로 61
a060fb87-c92a-4ed4-a33a-c578d78e170a,박민준,Male,2004-04-07,부산 연제구 72길 52
aa8fdce7-422a-4e4d-bbf1-214175667862,강우성,Male,1988-07-11,경기 하남시 61길 37
6484b720-c0bd-45c5-9af8-52d8cc1b51a8,최민수,Female,1998-08-13,경기 하남시 46로 66
053d8fe9-fd25-4438-8b1b-f9fd74682627,임현우,Female,1996-06-29,서울 강동구 65길 20
f4eda3fd-5fa4-46c1-9696-0313120505e9,서지민,Male,1992-09-16,경기 포천시 86길 20
1b228450-86ba-4d2d-8b8c-2c26fc1ecc60,최민준,Male,1997-04-13,경기 하남시 28로 79
af53dc6a-e7b0-4797-87ba-121fa9970221,서민재,Male,1985-10-16,경기 안산시 34로 16
44bfb9bd-abb4-44a8-a366-6bbc661e9f13,조서준,Female,1990-07-25,부산 사상구 45로 14
67604807-0c2f-47ad-ab84-5dffb8ac4365,이지민,Male,1995-12-06,경기 성남시 17로 10
80f19388-f98a-4f94-aa06-eb77dee1c321,윤서현,Male,1988-11-19,부산 해운대구 19로 45
4e3533e0-346d-4c49-b551-1c0626707b22,이현우,Male,1988-05-21,서울 중랑구 97길 80
610c4f92-4c8f-4e83-aaa3-ba2f04913788,조재원,Female,1985-10-19,서울 서대문구 62길 39
5c5def11-882d-4a7a-bf4a-1169ccbf83d9,서우성,Female,1992-03-25,부산 수영구 39로 14
8f9b6c0b-748e-40f4-88c0-4c958e9a96bd,서현우,Male,1988-12-10,부산 동구 40로 99
5d0662d2-bc1e-4aa5-a2d3-a53c3ca5ada7,임재원,Female,1994-08-24,부산 연제구 25로 84
2f74387d-0be4-4a95-a0dc-70b5e5050828,강민재,Male,1995-12-29,서울 관악구 53길 38
55e8eb43-9591-4e01-b32a-c07808e9a865,박서현,Male,1995-06-03,경기 안산시 78길 21
569e1e17-3b41-4c45-b2f1-521ba8a4e5d8,최민재,Female,1987-10-08,서울 강동구 11로 65
5b27df0f-a02a-4fa1-82a9-c72e477978af,임민준,Female,2002-04-16,경기 양주시 55길 73
7ed1dc01-dcbc-4788-b328-2188c38d226b,최서현,Male,2001-05-29,부산 기장군 55길 54
b01770c3-c234-4ea0-b3b8-8179cefe13b4,최지민,Female,1995-06-17,부산 동래구 49로 48
de63ba87-5264-4c68-b679-29b502ccd6c4,강준호,Female,2002-09-08,경기 남양주시 88길 60
444f50df-7099-4206-93e1-a59ab8985013,강민재,Female,1997-01-12,부산 기장군 84길 23
7cc83ce6-4d2b-489d-ad45-a8ec70df2de2,이현우,Male,1996-12-01,서울 중랑구 80길 61
795107c3-3251-4266-b1e5-cc76743784a7,박현우,Female,1995-08-07,서울 동작구 32로 84
b07744a5-3f8d-4c64-ba2c-d27ec59bbb7c,임서현,Male,1995-03-17,서울 관악구 27로 25
89a8ddf7-7494-4907-a3d4-ffdec392b0c9,조서현,Female,1993-09-11,부산 영도구 88길 76
2113902e-ffbe-479f-bbf4-d916b9a32059,최민재,Female,2001-01-29,경기 구리시 62길 76
65fede50-6ff0-4d15-9234-f286e725388f,조준호,Female,1994-11-24,부산 남구 33로 83
151d3f9a-e784-4f98-98ea-d796080b3eaf,서민재,Male,2000-11-09,서울 은평구 36로 85
b372982b-a33b-45a4-bf56-6f59e29c8bee,강우성,Female,2001-01-29,서울 강남구 61길 70
1cda55dd-c02d-488f-8fa1-11946b73c169,최재원,Male,1993-04-12,경기 성남시 95길 87
43099265-8bc3-4c98-9405-bb32836f8143,박민수,Female,1994-07-19,경기 하남시 21로 15
ee288a4a-3b1c-4e62-8ff6-d4b9b677834d,박현우,Male,2004-12-07,경기 양주시 40로 99
bc5b1a61-0be8-48a2-8ee6-ec7bdfb4d1fc,정지민,Female,1991-04-05,서울 서초구 41로 52
aff31c85-b107-4a0a-ab7e-31211d7c40be,이현우,Male,2002-07-06,부산 동래구 40로 17
d9188193-4328-4345-9e90-dcc069683bfe,서민준,Female,1991-12-21,서울 관악구 43로 82
ed586b73-0aa5-46a2-8e75-ede36305f45b,박서준,Male,1987-05-12,서울 구로구 41로 87
392429c5-2ed8-4610-8179-358b70fd3a90,최재원,Male,1988-08-27,부산 금정구 12로 43
476fe1fb-ac76-4196-ba4f-3e2fd47ae522,조준호,Male,1993-09-18,경기 남양주시 59길 73
4f707d3b-6de0-4816-8619-26e0800bef4f,박재원,Female,1997-06-02,경기 포천시 95길 65
77a45cef-cd61-4746-a3a8-860f336488f1,정민수,Male,2003-12-07,경기 용인시 33로 76
59d1ed2a-7933-40fa-b691-94cb60861d48,임지민,Female,2004-02-13,서울 용산구 95길 56
bc6af7d6-1f4f-441a-b01d-3a1fd7ad8b4d,강서현,Female,1998-11-08,부산 북구 97길 17
16c85dea-f97f-4124-8521-1b4dd8f77bdc,윤민준,Male,1997-10-22,경기 광명시 44로 47
be4bedac-8ac5-4403-be09-8c74889eb749,조민수,Female,2000-01-01,서울 구로구 28로 68
9c431120-eb19-4a2a-a6a5-efac0b355d07,최재원,Male,1998-07-07,경기 화성시 86길 63
fea6f76c-85a6-4ab6-9c92-fde4c51eeba9,김현우,Female,2001-05-26,경기 부천시 46로 26
698c61d3-b35e-4ed1-8c87-3361e8682c71,최우성,Female,2003-10-13,경기 양주시 58길 33
5b580fa4-1f16-43c4-ba79-aee6aa6ddbed,정지민,Female,2001-08-11,부산 남구 57길 76
06647033-7ac9-49c1-88eb-420a72c72610,이재원,Male,2001-01-06,부산 수영구 13로 52
5439eeaa-11e9-4c77-8f06-98463849960b,최재원,Female,1996-04-16,부산 강서구 83길 46
6afbadae-d88b-43dc-88c9-9fb696c97eda,서서준,Female,2004-01-09,서울 서대문구 23로 23
7c169dee-e403-43e8-af98-7ac789264d52,최지민,Female,1997-05-25,경기 안양시 52길 81
26c2556c-c893-4136-bc30-f05a14428ed8,임서준,Male,1987-11-03,경기 고양시 45로 99
f896d66e-52ca-4f08-974f-85662e2b15d4,서준호,Male,2002-08-15,서울 동작구 39로 92
d844c0cd-521e-4e53-9b44-0776045585fc,정서현,Male,1995-04-01,경기 화성시 80길 95
bfde0e45-f8ff-4e76-9040-6b38f71dfc69,이지민,Female,2004-12-16,경기 이천시 90길 54
1938f875-1624-43b7-8efa-9598895eb7ff,서지민,Female,1985-04-04,부산 사하구 44로 86
340dc396-420a-4111-9654-eb0017ccad85,이민수,Female,1985-10-03,부산 부산진구 83길 89
431f49d0-cfdd-4dac-a366-cd126f4454e4,이서현,Male,1996-11-11,서울 영등포구 52길 88
6aae264a-2c62-4e56-97ee-a3cb27c3b63f,박우성,Male,2001-07-31,서울 도봉구 59길 30
f0a558c9-8bd7-42fb-b7f9-16d8562552aa,박재원,Male,1996-07-11,부산 동래구 79길 36
fd70ab1f-7f4e-4e30-9cbe-4d67cc5bc0b1,김민준,Female,1989-06-17,부산 동래구 55길 96
5b264634-975d-4c9f-b932-f9636264c7cb,이민재,Male,1986-11-01,서울 은평구 43로 44
e8e1834e-7333-4959-b8ac-eda1b10cffd1,강지민,Female,1995-03-01,부산 동구 17로 18
c080b1a7-75af-406a-bde5-ec03549e9947,조준호,Male,2004-11-06,서울 서초구 83길 36
d20c2a9a-d335-44d7-bdac-be08352eb4df,박현우,Male,2004-07-06,부산 사상구 97길 75
d2d393ac-b76f-48bd-8953-c4407c6c429f,최재원,Female,1997-08-18,부산 금정구 48로 10
adab9ba6-0a19-44f7-b855-2b8a70e489ff,강지민,Male,2000-09-18,경기 수원시 30로 44
f6bc9655-bfe2-47ee-b1df-ce640f9d489b,강준호,Male,1998-04-05,경기 포천시 80길 24
9ae8866a-1cf0-4f94-93b6-ffdd054f0468,김민재,Female,1996-09-21,경기 고양시 98길 20
60baa2d6-169f-4122-adb6-a8c58fc43155,서재원,Female,1992-05-20,부산 남구 41로 49
ebf719ec-9a97-4bdf-99f1-4bb9b74aacef,조민준,Male,1995-05-05,서울 서대문구 50로 87
f65c2d2b-d0d6-4ed0-bc83-1d043b18d44a,강현우,Male,1991-05-15,부산 동구 39로 52
34f1d2b8-242b-426b-ac29-3336ed1ec995,조민수,Female,1986-11-14,서울 서초구 57길 69
9ed620b5-e8bc-4406-b082-0bccac7b1257,박민수,Male,1988-01-26,서울 성동구 37로 49
604be61b-c589-4afc-ae29-4ad06e996ee0,임서준,Male,1994-04-19,서울 은평구 77길 31
9db99c4f-55c9-4f77-a4b1-64e9e00bb602,최우성,Female,1997-03-22,서울 성북구 30로 30
0f26099d-051a-411c-b712-86d5d20186fb,윤서현,Male,2000-08-11,부산 동구 33로 13
c9a9aa38-4845-4efb-90f6-2e4d5ac960b9,서서현,Male,2004-08-01,경기 오산시 84길 45
8adf15be-18a5-481b-a572-9fb6ce1f0a55,조우성,Male,1989-10-11,경기 부천시 60길 56
0c519160-7c21-4807-941e-433ccbeab7ea,임민재,Female,1986-01-05,경기 포천시 55길 19
d1b4ce6a-f1cb-4ca5-a84c-2452cae3a56a,서민재,Female,1998-08-02,경기 수원시 62길 35
90ea2afd-5ed5-4190-ae45-2e33ecda61a7,강재원,Female,1991-05-17,경기 과천시 60길 74
c8498ed3-3134-4ea4-a4c8-cddf6c6baff2,강현우,Female,1988-03-30,서울 강남구 36로 41
8a3c5bb7-7a88-46be-85ee-aa7a41b40314,정서준,Male,1996-01-18,경기 화성시 72길 50
37545efc-a00e-4f38-b4d5-7e9f664ef413,윤지민,Female,2004-11-27,경기 이천시 97길 42
3098ffeb-18cc-4f56-a895-56fd0c1d3838,강서현,Male,1994-08-09,서울 강남구 40로 33
ea5edf08-97f9-424f-b003-a84fcb467fbc,윤준호,Male,1995-08-15,서울 중구 96길 99
fdcd273a-d60c-4263-b2eb-27fe48215305,조민수,Female,2004-10-11,서울 강북구 85길 78
86e1eb19-85ab-4df9-90aa-8ee1d2aa5fa3,박재원,Male,1993-03-10,경기 시흥시 57길 20
a755ce5f-7fe2-43c9-b175-56bacf5bcaee,서재원,Female,1996-05-30,부산 금정구 76길 92
a6497776-fb0c-4a9e-bff8-089792090682,김재원,Male,2003-02-25,서울 양천구 47로 37
fbb3f09d-58b9-411c-8f3b-5f15b1f4c10b,이서준,Female,1994-08-17,부산 기장군 50로 77
0291dc6d-4d86-4007-94dc-bc0b88c61339,김서준,Female,1998-03-30,부산 동구 15로 33
